{
  "type": "FeatureCollection",
  "name": "zonas_toluca_46_aproximadas",
  "metadata": {
    "advertencia": "Estos 46 polígonos son áreas circulares aproximadas alrededor de ubicaciones de referencia. No son límites administrativos ni catastrales oficiales.",
    "crs": "EPSG:4326",
    "cantidad": 46
  },
  "features": [
    {
      "type": "Feature",
      "id": 1,
      "properties": {
        "fid": 1,
        "Delegacion": 1,
        "NOMBRE_DEL": "Toluca de Lerdo",
        "fuente": "Ubicación aproximada para prototipo; no representa límite oficial",
        "verificado": false,
        "precision": "APROXIMADA",
        "radio_km": 1.1
      },
      "geometry": {
        "type": "Polygon",
        "coordinates": [
          [
            [
              -99.645231,
              19.2826
            ],
            [
              -99.64536,
              19.284146
            ],
            [
              -99.645744,
              19.285654
            ],
            [
              -99.646372,
              19.287086
            ],
            [
              -99.647231,
              19.288408
            ],
            [
              -99.648298,
              19.289587
            ],
            [
              -99.649547,
              19.290594
            ],
            [
              -99.650947,
              19.291404
            ],
            [
              -99.652465,
              19.291998
            ],
            [
              -99.654062,
              19.29236
            ],
            [
              -99.6557,
              19.292481
            ],
            [
              -99.657338,
              19.29236
            ],
            [
              -99.658935,
              19.291998
            ],
            [
              -99.660453,
              19.291404
            ],
            [
              -99.661853,
              19.290594
            ],
            [
              -99.663102,
              19.289587
            ],
            [
              -99.664169,
              19.288408
            ],
            [
              -99.665028,
              19.287086
            ],
            [
              -99.665656,
              19.285654
            ],
            [
              -99.66604,
              19.284146
            ],
            [
              -99.666169,
              19.2826
            ],
            [
              -99.66604,
              19.281054
            ],
            [
              -99.665656,
              19.279546
            ],
            [
              -99.665028,
              19.278114
            ],
            [
              -99.664169,
              19.276792
            ],
            [
              -99.663102,
              19.275613
            ],
            [
              -99.661853,
              19.274606
            ],
            [
              -99.660453,
              19.273796
            ],
            [
              -99.658935,
              19.273202
            ],
            [
              -99.657338,
              19.27284
            ],
            [
              -99.6557,
              19.272719
            ],
            [
              -99.654062,
              19.27284
            ],
            [
              -99.652465,
              19.273202
            ],
            [
              -99.650947,
              19.273796
            ],
            [
              -99.649547,
              19.274606
            ],
            [
              -99.648298,
              19.275613
            ],
            [
              -99.647231,
              19.276792
            ],
            [
              -99.646372,
              19.278114
            ],
            [
              -99.645744,
              19.279546
            ],
            [
              -99.64536,
              19.281054
            ],
            [
              -99.645231,
              19.2826
            ]
          ]
        ]
      }
    },
    {
      "type": "Feature",
      "id": 2,
      "properties": {
        "fid": 2,
        "Delegacion": 2,
        "NOMBRE_DEL": "San Pablo Autopan",
        "fuente": "Ubicación aproximada para prototipo; no representa límite oficial",
        "verificado": false,
        "precision": "APROXIMADA",
        "radio_km": 1.1
      },
      "geometry": {
        "type": "Polygon",
        "coordinates": [
          [
            [
              -99.647027,
              19.3565
            ],
            [
              -99.647156,
              19.358046
            ],
            [
              -99.647539,
              19.359554
            ],
            [
              -99.648168,
              19.360986
            ],
            [
              -99.649027,
              19.362308
            ],
            [
              -99.650094,
              19.363487
            ],
            [
              -99.651344,
              19.364494
            ],
            [
              -99.652745,
              19.365304
            ],
            [
              -99.654264,
              19.365898
            ],
            [
              -99.655862,
              19.36626
            ],
            [
              -99.6575,
              19.366381
            ],
            [
              -99.659138,
              19.36626
            ],
            [
              -99.660736,
              19.365898
            ],
            [
              -99.662255,
              19.365304
            ],
            [
              -99.663656,
              19.364494
            ],
            [
              -99.664906,
              19.363487
            ],
            [
              -99.665973,
              19.362308
            ],
            [
              -99.666832,
              19.360986
            ],
            [
              -99.667461,
              19.359554
            ],
            [
              -99.667844,
              19.358046
            ],
            [
              -99.667973,
              19.3565
            ],
            [
              -99.667844,
              19.354954
            ],
            [
              -99.667461,
              19.353446
            ],
            [
              -99.666832,
              19.352014
            ],
            [
              -99.665973,
              19.350692
            ],
            [
              -99.664906,
              19.349513
            ],
            [
              -99.663656,
              19.348506
            ],
            [
              -99.662255,
              19.347696
            ],
            [
              -99.660736,
              19.347102
            ],
            [
              -99.659138,
              19.34674
            ],
            [
              -99.6575,
              19.346619
            ],
            [
              -99.655862,
              19.34674
            ],
            [
              -99.654264,
              19.347102
            ],
            [
              -99.652745,
              19.347696
            ],
            [
              -99.651344,
              19.348506
            ],
            [
              -99.650094,
              19.349513
            ],
            [
              -99.649027,
              19.350692
            ],
            [
              -99.648168,
              19.352014
            ],
            [
              -99.647539,
              19.353446
            ],
            [
              -99.647156,
              19.354954
            ],
            [
              -99.647027,
              19.3565
            ]
          ]
        ]
      }
    },
    {
      "type": "Feature",
      "id": 3,
      "properties": {
        "fid": 3,
        "Delegacion": 3,
        "NOMBRE_DEL": "San Cristóbal Huichochitlán",
        "fuente": "Ubicación aproximada para prototipo; no representa límite oficial",
        "verificado": false,
        "precision": "APROXIMADA",
        "radio_km": 1.1
      },
      "geometry": {
        "type": "Polygon",
        "coordinates": [
          [
            [
              -99.627528,
              19.3375
            ],
            [
              -99.627657,
              19.339046
            ],
            [
              -99.62804,
              19.340554
            ],
            [
              -99.628669,
              19.341986
            ],
            [
              -99.629528,
              19.343308
            ],
            [
              -99.630595,
              19.344487
            ],
            [
              -99.631845,
              19.345494
            ],
            [
              -99.633246,
              19.346304
            ],
            [
              -99.634764,
              19.346898
            ],
            [
              -99.636362,
              19.34726
            ],
            [
              -99.638,
              19.347381
            ],
            [
              -99.639638,
              19.34726
            ],
            [
              -99.641236,
              19.346898
            ],
            [
              -99.642754,
              19.346304
            ],
            [
              -99.644155,
              19.345494
            ],
            [
              -99.645405,
              19.344487
            ],
            [
              -99.646472,
              19.343308
            ],
            [
              -99.647331,
              19.341986
            ],
            [
              -99.64796,
              19.340554
            ],
            [
              -99.648343,
              19.339046
            ],
            [
              -99.648472,
              19.3375
            ],
            [
              -99.648343,
              19.335954
            ],
            [
              -99.64796,
              19.334446
            ],
            [
              -99.647331,
              19.333014
            ],
            [
              -99.646472,
              19.331692
            ],
            [
              -99.645405,
              19.330513
            ],
            [
              -99.644155,
              19.329506
            ],
            [
              -99.642754,
              19.328696
            ],
            [
              -99.641236,
              19.328102
            ],
            [
              -99.639638,
              19.32774
            ],
            [
              -99.638,
              19.327619
            ],
            [
              -99.636362,
              19.32774
            ],
            [
              -99.634764,
              19.328102
            ],
            [
              -99.633246,
              19.328696
            ],
            [
              -99.631845,
              19.329506
            ],
            [
              -99.630595,
              19.330513
            ],
            [
              -99.629528,
              19.331692
            ],
            [
              -99.628669,
              19.333014
            ],
            [
              -99.62804,
              19.334446
            ],
            [
              -99.627657,
              19.335954
            ],
            [
              -99.627528,
              19.3375
            ]
          ]
        ]
      }
    },
    {
      "type": "Feature",
      "id": 4,
      "properties": {
        "fid": 4,
        "Delegacion": 4,
        "NOMBRE_DEL": "San Lorenzo Tepaltitlán",
        "fuente": "Ubicación aproximada para prototipo; no representa límite oficial",
        "verificado": false,
        "precision": "APROXIMADA",
        "radio_km": 1.1
      },
      "geometry": {
        "type": "Polygon",
        "coordinates": [
          [
            [
              -99.617528,
              19.327
            ],
            [
              -99.617657,
              19.328546
            ],
            [
              -99.618041,
              19.330054
            ],
            [
              -99.61867,
              19.331486
            ],
            [
              -99.619528,
              19.332808
            ],
            [
              -99.620595,
              19.333987
            ],
            [
              -99.621845,
              19.334994
            ],
            [
              -99.623246,
              19.335804
            ],
            [
              -99.624764,
              19.336398
            ],
            [
              -99.626362,
              19.33676
            ],
            [
              -99.628,
              19.336881
            ],
            [
              -99.629638,
              19.33676
            ],
            [
              -99.631236,
              19.336398
            ],
            [
              -99.632754,
              19.335804
            ],
            [
              -99.634155,
              19.334994
            ],
            [
              -99.635405,
              19.333987
            ],
            [
              -99.636472,
              19.332808
            ],
            [
              -99.63733,
              19.331486
            ],
            [
              -99.637959,
              19.330054
            ],
            [
              -99.638343,
              19.328546
            ],
            [
              -99.638472,
              19.327
            ],
            [
              -99.638343,
              19.325454
            ],
            [
              -99.637959,
              19.323946
            ],
            [
              -99.63733,
              19.322514
            ],
            [
              -99.636472,
              19.321192
            ],
            [
              -99.635405,
              19.320013
            ],
            [
              -99.634155,
              19.319006
            ],
            [
              -99.632754,
              19.318196
            ],
            [
              -99.631236,
              19.317602
            ],
            [
              -99.629638,
              19.31724
            ],
            [
              -99.628,
              19.317119
            ],
            [
              -99.626362,
              19.31724
            ],
            [
              -99.624764,
              19.317602
            ],
            [
              -99.623246,
              19.318196
            ],
            [
              -99.621845,
              19.319006
            ],
            [
              -99.620595,
              19.320013
            ],
            [
              -99.619528,
              19.321192
            ],
            [
              -99.61867,
              19.322514
            ],
            [
              -99.618041,
              19.323946
            ],
            [
              -99.617657,
              19.325454
            ],
            [
              -99.617528,
              19.327
            ]
          ]
        ]
      }
    },
    {
      "type": "Feature",
      "id": 5,
      "properties": {
        "fid": 5,
        "Delegacion": 5,
        "NOMBRE_DEL": "Santa Ana Tlapaltitlán",
        "fuente": "Ubicación aproximada para prototipo; no representa límite oficial",
        "verificado": false,
        "precision": "APROXIMADA",
        "radio_km": 0.65
      },
      "geometry": {
        "type": "Polygon",
        "coordinates": [
          [
            [
              -99.610814,
              19.287
            ],
            [
              -99.61089,
              19.287913
            ],
            [
              -99.611117,
              19.288804
            ],
            [
              -99.611488,
              19.289651
            ],
            [
              -99.611995,
              19.290432
            ],
            [
              -99.612626,
              19.291129
            ],
            [
              -99.613364,
              19.291724
            ],
            [
              -99.614192,
              19.292203
            ],
            [
              -99.615088,
              19.292553
            ],
            [
              -99.616032,
              19.292767
            ],
            [
              -99.617,
              19.292839
            ],
            [
              -99.617968,
              19.292767
            ],
            [
              -99.618912,
              19.292553
            ],
            [
              -99.619808,
              19.292203
            ],
            [
              -99.620636,
              19.291724
            ],
            [
              -99.621374,
              19.291129
            ],
            [
              -99.622005,
              19.290432
            ],
            [
              -99.622512,
              19.289651
            ],
            [
              -99.622883,
              19.288804
            ],
            [
              -99.62311,
              19.287913
            ],
            [
              -99.623186,
              19.287
            ],
            [
              -99.62311,
              19.286087
            ],
            [
              -99.622883,
              19.285196
            ],
            [
              -99.622512,
              19.284349
            ],
            [
              -99.622005,
              19.283568
            ],
            [
              -99.621374,
              19.282871
            ],
            [
              -99.620636,
              19.282276
            ],
            [
              -99.619808,
              19.281797
            ],
            [
              -99.618912,
              19.281447
            ],
            [
              -99.617968,
              19.281233
            ],
            [
              -99.617,
              19.281161
            ],
            [
              -99.616032,
              19.281233
            ],
            [
              -99.615088,
              19.281447
            ],
            [
              -99.614192,
              19.281797
            ],
            [
              -99.613364,
              19.282276
            ],
            [
              -99.612626,
              19.282871
            ],
            [
              -99.611995,
              19.283568
            ],
            [
              -99.611488,
              19.284349
            ],
            [
              -99.611117,
              19.285196
            ],
            [
              -99.61089,
              19.286087
            ],
            [
              -99.610814,
              19.287
            ]
          ]
        ]
      }
    },
    {
      "type": "Feature",
      "id": 6,
      "properties": {
        "fid": 6,
        "Delegacion": 6,
        "NOMBRE_DEL": "Crespa Floresta",
        "fuente": "Ubicación aproximada para prototipo; no representa límite oficial",
        "verificado": false,
        "precision": "APROXIMADA",
        "radio_km": 0.65
      },
      "geometry": {
        "type": "Polygon",
        "coordinates": [
          [
            [
              -99.594812,
              19.324
            ],
            [
              -99.594889,
              19.324913
            ],
            [
              -99.595115,
              19.325804
            ],
            [
              -99.595487,
              19.326651
            ],
            [
              -99.595994,
              19.327432
            ],
            [
              -99.596625,
              19.328129
            ],
            [
              -99.597363,
              19.328724
            ],
            [
              -99.598191,
              19.329203
            ],
            [
              -99.599088,
              19.329553
            ],
            [
              -99.600032,
              19.329767
            ],
            [
              -99.601,
              19.329839
            ],
            [
              -99.601968,
              19.329767
            ],
            [
              -99.602912,
              19.329553
            ],
            [
              -99.603809,
              19.329203
            ],
            [
              -99.604637,
              19.328724
            ],
            [
              -99.605375,
              19.328129
            ],
            [
              -99.606006,
              19.327432
            ],
            [
              -99.606513,
              19.326651
            ],
            [
              -99.606885,
              19.325804
            ],
            [
              -99.607111,
              19.324913
            ],
            [
              -99.607188,
              19.324
            ],
            [
              -99.607111,
              19.323087
            ],
            [
              -99.606885,
              19.322196
            ],
            [
              -99.606513,
              19.321349
            ],
            [
              -99.606006,
              19.320568
            ],
            [
              -99.605375,
              19.319871
            ],
            [
              -99.604637,
              19.319276
            ],
            [
              -99.603809,
              19.318797
            ],
            [
              -99.602912,
              19.318447
            ],
            [
              -99.601968,
              19.318233
            ],
            [
              -99.601,
              19.318161
            ],
            [
              -99.600032,
              19.318233
            ],
            [
              -99.599088,
              19.318447
            ],
            [
              -99.598191,
              19.318797
            ],
            [
              -99.597363,
              19.319276
            ],
            [
              -99.596625,
              19.319871
            ],
            [
              -99.595994,
              19.320568
            ],
            [
              -99.595487,
              19.321349
            ],
            [
              -99.595115,
              19.322196
            ],
            [
              -99.594889,
              19.323087
            ],
            [
              -99.594812,
              19.324
            ]
          ]
        ]
      }
    },
    {
      "type": "Feature",
      "id": 7,
      "properties": {
        "fid": 7,
        "Delegacion": 7,
        "NOMBRE_DEL": "Santa María Totoltepec",
        "fuente": "Ubicación aproximada para prototipo; no representa límite oficial",
        "verificado": false,
        "precision": "APROXIMADA",
        "radio_km": 0.65
      },
      "geometry": {
        "type": "Polygon",
        "coordinates": [
          [
            [
              -99.572313,
              19.3065
            ],
            [
              -99.572389,
              19.307413
            ],
            [
              -99.572616,
              19.308304
            ],
            [
              -99.572987,
              19.309151
            ],
            [
              -99.573495,
              19.309932
            ],
            [
              -99.574125,
              19.310629
            ],
            [
              -99.574863,
              19.311224
            ],
            [
              -99.575691,
              19.311703
            ],
            [
              -99.576588,
              19.312053
            ],
            [
              -99.577532,
              19.312267
            ],
            [
              -99.5785,
              19.312339
            ],
            [
              -99.579468,
              19.312267
            ],
            [
              -99.580412,
              19.312053
            ],
            [
              -99.581309,
              19.311703
            ],
            [
              -99.582137,
              19.311224
            ],
            [
              -99.582875,
              19.310629
            ],
            [
              -99.583505,
              19.309932
            ],
            [
              -99.584013,
              19.309151
            ],
            [
              -99.584384,
              19.308304
            ],
            [
              -99.584611,
              19.307413
            ],
            [
              -99.584687,
              19.3065
            ],
            [
              -99.584611,
              19.305587
            ],
            [
              -99.584384,
              19.304696
            ],
            [
              -99.584013,
              19.303849
            ],
            [
              -99.583505,
              19.303068
            ],
            [
              -99.582875,
              19.302371
            ],
            [
              -99.582137,
              19.301776
            ],
            [
              -99.581309,
              19.301297
            ],
            [
              -99.580412,
              19.300947
            ],
            [
              -99.579468,
              19.300733
            ],
            [
              -99.5785,
              19.300661
            ],
            [
              -99.577532,
              19.300733
            ],
            [
              -99.576588,
              19.300947
            ],
            [
              -99.575691,
              19.301297
            ],
            [
              -99.574863,
              19.301776
            ],
            [
              -99.574125,
              19.302371
            ],
            [
              -99.573495,
              19.303068
            ],
            [
              -99.572987,
              19.303849
            ],
            [
              -99.572616,
              19.304696
            ],
            [
              -99.572389,
              19.305587
            ],
            [
              -99.572313,
              19.3065
            ]
          ]
        ]
      }
    },
    {
      "type": "Feature",
      "id": 8,
      "properties": {
        "fid": 8,
        "Delegacion": 8,
        "NOMBRE_DEL": "Sauces",
        "fuente": "Ubicación aproximada para prototipo; no representa límite oficial",
        "verificado": false,
        "precision": "APROXIMADA",
        "radio_km": 0.65
      },
      "geometry": {
        "type": "Polygon",
        "coordinates": [
          [
            [
              -99.581812,
              19.344
            ],
            [
              -99.581888,
              19.344913
            ],
            [
              -99.582115,
              19.345804
            ],
            [
              -99.582486,
              19.346651
            ],
            [
              -99.582993,
              19.347432
            ],
            [
              -99.583624,
              19.348129
            ],
            [
              -99.584363,
              19.348724
            ],
            [
              -99.585191,
              19.349203
            ],
            [
              -99.586088,
              19.349553
            ],
            [
              -99.587032,
              19.349767
            ],
            [
              -99.588,
              19.349839
            ],
            [
              -99.588968,
              19.349767
            ],
            [
              -99.589912,
              19.349553
            ],
            [
              -99.590809,
              19.349203
            ],
            [
              -99.591637,
              19.348724
            ],
            [
              -99.592376,
              19.348129
            ],
            [
              -99.593007,
              19.347432
            ],
            [
              -99.593514,
              19.346651
            ],
            [
              -99.593885,
              19.345804
            ],
            [
              -99.594112,
              19.344913
            ],
            [
              -99.594188,
              19.344
            ],
            [
              -99.594112,
              19.343087
            ],
            [
              -99.593885,
              19.342196
            ],
            [
              -99.593514,
              19.341349
            ],
            [
              -99.593007,
              19.340568
            ],
            [
              -99.592376,
              19.339871
            ],
            [
              -99.591637,
              19.339276
            ],
            [
              -99.590809,
              19.338797
            ],
            [
              -99.589912,
              19.338447
            ],
            [
              -99.588968,
              19.338233
            ],
            [
              -99.588,
              19.338161
            ],
            [
              -99.587032,
              19.338233
            ],
            [
              -99.586088,
              19.338447
            ],
            [
              -99.585191,
              19.338797
            ],
            [
              -99.584363,
              19.339276
            ],
            [
              -99.583624,
              19.339871
            ],
            [
              -99.582993,
              19.340568
            ],
            [
              -99.582486,
              19.341349
            ],
            [
              -99.582115,
              19.342196
            ],
            [
              -99.581888,
              19.343087
            ],
            [
              -99.581812,
              19.344
            ]
          ]
        ]
      }
    },
    {
      "type": "Feature",
      "id": 9,
      "properties": {
        "fid": 9,
        "Delegacion": 9,
        "NOMBRE_DEL": "San Buenaventura",
        "fuente": "Ubicación aproximada para prototipo; no representa límite oficial",
        "verificado": false,
        "precision": "APROXIMADA",
        "radio_km": 1.1
      },
      "geometry": {
        "type": "Polygon",
        "coordinates": [
          [
            [
              -99.671032,
              19.2715
            ],
            [
              -99.671161,
              19.273046
            ],
            [
              -99.671544,
              19.274554
            ],
            [
              -99.672173,
              19.275986
            ],
            [
              -99.673031,
              19.277308
            ],
            [
              -99.674098,
              19.278487
            ],
            [
              -99.675347,
              19.279494
            ],
            [
              -99.676748,
              19.280304
            ],
            [
              -99.678265,
              19.280898
            ],
            [
              -99.679862,
              19.28126
            ],
            [
              -99.6815,
              19.281381
            ],
            [
              -99.683138,
              19.28126
            ],
            [
              -99.684735,
              19.280898
            ],
            [
              -99.686252,
              19.280304
            ],
            [
              -99.687653,
              19.279494
            ],
            [
              -99.688902,
              19.278487
            ],
            [
              -99.689969,
              19.277308
            ],
            [
              -99.690827,
              19.275986
            ],
            [
              -99.691456,
              19.274554
            ],
            [
              -99.691839,
              19.273046
            ],
            [
              -99.691968,
              19.2715
            ],
            [
              -99.691839,
              19.269954
            ],
            [
              -99.691456,
              19.268446
            ],
            [
              -99.690827,
              19.267014
            ],
            [
              -99.689969,
              19.265692
            ],
            [
              -99.688902,
              19.264513
            ],
            [
              -99.687653,
              19.263506
            ],
            [
              -99.686252,
              19.262696
            ],
            [
              -99.684735,
              19.262102
            ],
            [
              -99.683138,
              19.26174
            ],
            [
              -99.6815,
              19.261619
            ],
            [
              -99.679862,
              19.26174
            ],
            [
              -99.678265,
              19.262102
            ],
            [
              -99.676748,
              19.262696
            ],
            [
              -99.675347,
              19.263506
            ],
            [
              -99.674098,
              19.264513
            ],
            [
              -99.673031,
              19.265692
            ],
            [
              -99.672173,
              19.267014
            ],
            [
              -99.671544,
              19.268446
            ],
            [
              -99.671161,
              19.269954
            ],
            [
              -99.671032,
              19.2715
            ]
          ]
        ]
      }
    },
    {
      "type": "Feature",
      "id": 10,
      "properties": {
        "fid": 10,
        "Delegacion": 10,
        "NOMBRE_DEL": "San Mateo Otzacatipan",
        "fuente": "Ubicación aproximada para prototipo; no representa límite oficial",
        "verificado": false,
        "precision": "APROXIMADA",
        "radio_km": 0.65
      },
      "geometry": {
        "type": "Polygon",
        "coordinates": [
          [
            [
              -99.584812,
              19.337
            ],
            [
              -99.584888,
              19.337913
            ],
            [
              -99.585115,
              19.338804
            ],
            [
              -99.585486,
              19.339651
            ],
            [
              -99.585994,
              19.340432
            ],
            [
              -99.586624,
              19.341129
            ],
            [
              -99.587363,
              19.341724
            ],
            [
              -99.588191,
              19.342203
            ],
            [
              -99.589088,
              19.342553
            ],
            [
              -99.590032,
              19.342767
            ],
            [
              -99.591,
              19.342839
            ],
            [
              -99.591968,
              19.342767
            ],
            [
              -99.592912,
              19.342553
            ],
            [
              -99.593809,
              19.342203
            ],
            [
              -99.594637,
              19.341724
            ],
            [
              -99.595376,
              19.341129
            ],
            [
              -99.596006,
              19.340432
            ],
            [
              -99.596514,
              19.339651
            ],
            [
              -99.596885,
              19.338804
            ],
            [
              -99.597112,
              19.337913
            ],
            [
              -99.597188,
              19.337
            ],
            [
              -99.597112,
              19.336087
            ],
            [
              -99.596885,
              19.335196
            ],
            [
              -99.596514,
              19.334349
            ],
            [
              -99.596006,
              19.333568
            ],
            [
              -99.595376,
              19.332871
            ],
            [
              -99.594637,
              19.332276
            ],
            [
              -99.593809,
              19.331797
            ],
            [
              -99.592912,
              19.331447
            ],
            [
              -99.591968,
              19.331233
            ],
            [
              -99.591,
              19.331161
            ],
            [
              -99.590032,
              19.331233
            ],
            [
              -99.589088,
              19.331447
            ],
            [
              -99.588191,
              19.331797
            ],
            [
              -99.587363,
              19.332276
            ],
            [
              -99.586624,
              19.332871
            ],
            [
              -99.585994,
              19.333568
            ],
            [
              -99.585486,
              19.334349
            ],
            [
              -99.585115,
              19.335196
            ],
            [
              -99.584888,
              19.336087
            ],
            [
              -99.584812,
              19.337
            ]
          ]
        ]
      }
    },
    {
      "type": "Feature",
      "id": 11,
      "properties": {
        "fid": 11,
        "Delegacion": 11,
        "NOMBRE_DEL": "San Mateo Oxtotitlán",
        "fuente": "Ubicación aproximada para prototipo; no representa límite oficial",
        "verificado": false,
        "precision": "APROXIMADA",
        "radio_km": 0.65
      },
      "geometry": {
        "type": "Polygon",
        "coordinates": [
          [
            [
              -99.682814,
              19.284
            ],
            [
              -99.68289,
              19.284913
            ],
            [
              -99.683117,
              19.285804
            ],
            [
              -99.683488,
              19.286651
            ],
            [
              -99.683995,
              19.287432
            ],
            [
              -99.684626,
              19.288129
            ],
            [
              -99.685364,
              19.288724
            ],
            [
              -99.686192,
              19.289203
            ],
            [
              -99.687088,
              19.289553
            ],
            [
              -99.688032,
              19.289767
            ],
            [
              -99.689,
              19.289839
            ],
            [
              -99.689968,
              19.289767
            ],
            [
              -99.690912,
              19.289553
            ],
            [
              -99.691808,
              19.289203
            ],
            [
              -99.692636,
              19.288724
            ],
            [
              -99.693374,
              19.288129
            ],
            [
              -99.694005,
              19.287432
            ],
            [
              -99.694512,
              19.286651
            ],
            [
              -99.694883,
              19.285804
            ],
            [
              -99.69511,
              19.284913
            ],
            [
              -99.695186,
              19.284
            ],
            [
              -99.69511,
              19.283087
            ],
            [
              -99.694883,
              19.282196
            ],
            [
              -99.694512,
              19.281349
            ],
            [
              -99.694005,
              19.280568
            ],
            [
              -99.693374,
              19.279871
            ],
            [
              -99.692636,
              19.279276
            ],
            [
              -99.691808,
              19.278797
            ],
            [
              -99.690912,
              19.278447
            ],
            [
              -99.689968,
              19.278233
            ],
            [
              -99.689,
              19.278161
            ],
            [
              -99.688032,
              19.278233
            ],
            [
              -99.687088,
              19.278447
            ],
            [
              -99.686192,
              19.278797
            ],
            [
              -99.685364,
              19.279276
            ],
            [
              -99.684626,
              19.279871
            ],
            [
              -99.683995,
              19.280568
            ],
            [
              -99.683488,
              19.281349
            ],
            [
              -99.683117,
              19.282196
            ],
            [
              -99.68289,
              19.283087
            ],
            [
              -99.682814,
              19.284
            ]
          ]
        ]
      }
    },
    {
      "type": "Feature",
      "id": 12,
      "properties": {
        "fid": 12,
        "Delegacion": 12,
        "NOMBRE_DEL": "San Pedro Totoltepec",
        "fuente": "Ubicación aproximada para prototipo; no representa límite oficial",
        "verificado": false,
        "precision": "APROXIMADA",
        "radio_km": 0.65
      },
      "geometry": {
        "type": "Polygon",
        "coordinates": [
          [
            [
              -99.565813,
              19.316
            ],
            [
              -99.565889,
              19.316913
            ],
            [
              -99.566116,
              19.317804
            ],
            [
              -99.566487,
              19.318651
            ],
            [
              -99.566994,
              19.319432
            ],
            [
              -99.567625,
              19.320129
            ],
            [
              -99.568363,
              19.320724
            ],
            [
              -99.569191,
              19.321203
            ],
            [
              -99.570088,
              19.321553
            ],
            [
              -99.571032,
              19.321767
            ],
            [
              -99.572,
              19.321839
            ],
            [
              -99.572968,
              19.321767
            ],
            [
              -99.573912,
              19.321553
            ],
            [
              -99.574809,
              19.321203
            ],
            [
              -99.575637,
              19.320724
            ],
            [
              -99.576375,
              19.320129
            ],
            [
              -99.577006,
              19.319432
            ],
            [
              -99.577513,
              19.318651
            ],
            [
              -99.577884,
              19.317804
            ],
            [
              -99.578111,
              19.316913
            ],
            [
              -99.578187,
              19.316
            ],
            [
              -99.578111,
              19.315087
            ],
            [
              -99.577884,
              19.314196
            ],
            [
              -99.577513,
              19.313349
            ],
            [
              -99.577006,
              19.312568
            ],
            [
              -99.576375,
              19.311871
            ],
            [
              -99.575637,
              19.311276
            ],
            [
              -99.574809,
              19.310797
            ],
            [
              -99.573912,
              19.310447
            ],
            [
              -99.572968,
              19.310233
            ],
            [
              -99.572,
              19.310161
            ],
            [
              -99.571032,
              19.310233
            ],
            [
              -99.570088,
              19.310447
            ],
            [
              -99.569191,
              19.310797
            ],
            [
              -99.568363,
              19.311276
            ],
            [
              -99.567625,
              19.311871
            ],
            [
              -99.566994,
              19.312568
            ],
            [
              -99.566487,
              19.313349
            ],
            [
              -99.566116,
              19.314196
            ],
            [
              -99.565889,
              19.315087
            ],
            [
              -99.565813,
              19.316
            ]
          ]
        ]
      }
    },
    {
      "type": "Feature",
      "id": 13,
      "properties": {
        "fid": 13,
        "Delegacion": 13,
        "NOMBRE_DEL": "Capultitlán",
        "fuente": "Ubicación aproximada para prototipo; no representa límite oficial",
        "verificado": false,
        "precision": "APROXIMADA",
        "radio_km": 1.1
      },
      "geometry": {
        "type": "Polygon",
        "coordinates": [
          [
            [
              -99.653534,
              19.247
            ],
            [
              -99.653662,
              19.248546
            ],
            [
              -99.654046,
              19.250054
            ],
            [
              -99.654674,
              19.251486
            ],
            [
              -99.655532,
              19.252808
            ],
            [
              -99.656599,
              19.253987
            ],
            [
              -99.657848,
              19.254994
            ],
            [
              -99.659248,
              19.255804
            ],
            [
              -99.660766,
              19.256398
            ],
            [
              -99.662363,
              19.25676
            ],
            [
              -99.664,
              19.256881
            ],
            [
              -99.665637,
              19.25676
            ],
            [
              -99.667234,
              19.256398
            ],
            [
              -99.668752,
              19.255804
            ],
            [
              -99.670152,
              19.254994
            ],
            [
              -99.671401,
              19.253987
            ],
            [
              -99.672468,
              19.252808
            ],
            [
              -99.673326,
              19.251486
            ],
            [
              -99.673954,
              19.250054
            ],
            [
              -99.674338,
              19.248546
            ],
            [
              -99.674466,
              19.247
            ],
            [
              -99.674338,
              19.245454
            ],
            [
              -99.673954,
              19.243946
            ],
            [
              -99.673326,
              19.242514
            ],
            [
              -99.672468,
              19.241192
            ],
            [
              -99.671401,
              19.240013
            ],
            [
              -99.670152,
              19.239006
            ],
            [
              -99.668752,
              19.238196
            ],
            [
              -99.667234,
              19.237602
            ],
            [
              -99.665637,
              19.23724
            ],
            [
              -99.664,
              19.237119
            ],
            [
              -99.662363,
              19.23724
            ],
            [
              -99.660766,
              19.237602
            ],
            [
              -99.659248,
              19.238196
            ],
            [
              -99.657848,
              19.239006
            ],
            [
              -99.656599,
              19.240013
            ],
            [
              -99.655532,
              19.241192
            ],
            [
              -99.654674,
              19.242514
            ],
            [
              -99.654046,
              19.243946
            ],
            [
              -99.653662,
              19.245454
            ],
            [
              -99.653534,
              19.247
            ]
          ]
        ]
      }
    },
    {
      "type": "Feature",
      "id": 14,
      "properties": {
        "fid": 14,
        "Delegacion": 14,
        "NOMBRE_DEL": "Santiago Tlacotepec",
        "fuente": "Ubicación aproximada para prototipo; no representa límite oficial",
        "verificado": false,
        "precision": "APROXIMADA",
        "radio_km": 1.1
      },
      "geometry": {
        "type": "Polygon",
        "coordinates": [
          [
            [
              -99.660535,
              19.227
            ],
            [
              -99.660664,
              19.228546
            ],
            [
              -99.661047,
              19.230054
            ],
            [
              -99.661675,
              19.231486
            ],
            [
              -99.662534,
              19.232808
            ],
            [
              -99.6636,
              19.233987
            ],
            [
              -99.664849,
              19.234994
            ],
            [
              -99.666249,
              19.235804
            ],
            [
              -99.667766,
              19.236398
            ],
            [
              -99.669363,
              19.23676
            ],
            [
              -99.671,
              19.236881
            ],
            [
              -99.672637,
              19.23676
            ],
            [
              -99.674234,
              19.236398
            ],
            [
              -99.675751,
              19.235804
            ],
            [
              -99.677151,
              19.234994
            ],
            [
              -99.6784,
              19.233987
            ],
            [
              -99.679466,
              19.232808
            ],
            [
              -99.680325,
              19.231486
            ],
            [
              -99.680953,
              19.230054
            ],
            [
              -99.681336,
              19.228546
            ],
            [
              -99.681465,
              19.227
            ],
            [
              -99.681336,
              19.225454
            ],
            [
              -99.680953,
              19.223946
            ],
            [
              -99.680325,
              19.222514
            ],
            [
              -99.679466,
              19.221192
            ],
            [
              -99.6784,
              19.220013
            ],
            [
              -99.677151,
              19.219006
            ],
            [
              -99.675751,
              19.218196
            ],
            [
              -99.674234,
              19.217602
            ],
            [
              -99.672637,
              19.21724
            ],
            [
              -99.671,
              19.217119
            ],
            [
              -99.669363,
              19.21724
            ],
            [
              -99.667766,
              19.217602
            ],
            [
              -99.666249,
              19.218196
            ],
            [
              -99.664849,
              19.219006
            ],
            [
              -99.6636,
              19.220013
            ],
            [
              -99.662534,
              19.221192
            ],
            [
              -99.661675,
              19.222514
            ],
            [
              -99.661047,
              19.223946
            ],
            [
              -99.660664,
              19.225454
            ],
            [
              -99.660535,
              19.227
            ]
          ]
        ]
      }
    },
    {
      "type": "Feature",
      "id": 15,
      "properties": {
        "fid": 15,
        "Delegacion": 15,
        "NOMBRE_DEL": "San Andrés Cuexcontitlán",
        "fuente": "Ubicación aproximada para prototipo; no representa límite oficial",
        "verificado": false,
        "precision": "APROXIMADA",
        "radio_km": 1.1
      },
      "geometry": {
        "type": "Polygon",
        "coordinates": [
          [
            [
              -99.612526,
              19.373
            ],
            [
              -99.612654,
              19.374546
            ],
            [
              -99.613038,
              19.376054
            ],
            [
              -99.613667,
              19.377486
            ],
            [
              -99.614526,
              19.378808
            ],
            [
              -99.615593,
              19.379987
            ],
            [
              -99.616843,
              19.380994
            ],
            [
              -99.618245,
              19.381804
            ],
            [
              -99.619763,
              19.382398
            ],
            [
              -99.621361,
              19.38276
            ],
            [
              -99.623,
              19.382881
            ],
            [
              -99.624639,
              19.38276
            ],
            [
              -99.626237,
              19.382398
            ],
            [
              -99.627755,
              19.381804
            ],
            [
              -99.629157,
              19.380994
            ],
            [
              -99.630407,
              19.379987
            ],
            [
              -99.631474,
              19.378808
            ],
            [
              -99.632333,
              19.377486
            ],
            [
              -99.632962,
              19.376054
            ],
            [
              -99.633346,
              19.374546
            ],
            [
              -99.633474,
              19.373
            ],
            [
              -99.633346,
              19.371454
            ],
            [
              -99.632962,
              19.369946
            ],
            [
              -99.632333,
              19.368514
            ],
            [
              -99.631474,
              19.367192
            ],
            [
              -99.630407,
              19.366013
            ],
            [
              -99.629157,
              19.365006
            ],
            [
              -99.627755,
              19.364196
            ],
            [
              -99.626237,
              19.363602
            ],
            [
              -99.624639,
              19.36324
            ],
            [
              -99.623,
              19.363119
            ],
            [
              -99.621361,
              19.36324
            ],
            [
              -99.619763,
              19.363602
            ],
            [
              -99.618245,
              19.364196
            ],
            [
              -99.616843,
              19.365006
            ],
            [
              -99.615593,
              19.366013
            ],
            [
              -99.614526,
              19.367192
            ],
            [
              -99.613667,
              19.368514
            ],
            [
              -99.613038,
              19.369946
            ],
            [
              -99.612654,
              19.371454
            ],
            [
              -99.612526,
              19.373
            ]
          ]
        ]
      }
    },
    {
      "type": "Feature",
      "id": 16,
      "properties": {
        "fid": 16,
        "Delegacion": 16,
        "NOMBRE_DEL": "Santa Cruz Atzcapotzaltongo",
        "fuente": "Ubicación aproximada para prototipo; no representa límite oficial",
        "verificado": false,
        "precision": "APROXIMADA",
        "radio_km": 0.65
      },
      "geometry": {
        "type": "Polygon",
        "coordinates": [
          [
            [
              -99.667812,
              19.344
            ],
            [
              -99.667888,
              19.344913
            ],
            [
              -99.668115,
              19.345804
            ],
            [
              -99.668486,
              19.346651
            ],
            [
              -99.668993,
              19.347432
            ],
            [
              -99.669624,
              19.348129
            ],
            [
              -99.670363,
              19.348724
            ],
            [
              -99.671191,
              19.349203
            ],
            [
              -99.672088,
              19.349553
            ],
            [
              -99.673032,
              19.349767
            ],
            [
              -99.674,
              19.349839
            ],
            [
              -99.674968,
              19.349767
            ],
            [
              -99.675912,
              19.349553
            ],
            [
              -99.676809,
              19.349203
            ],
            [
              -99.677637,
              19.348724
            ],
            [
              -99.678376,
              19.348129
            ],
            [
              -99.679007,
              19.347432
            ],
            [
              -99.679514,
              19.346651
            ],
            [
              -99.679885,
              19.345804
            ],
            [
              -99.680112,
              19.344913
            ],
            [
              -99.680188,
              19.344
            ],
            [
              -99.680112,
              19.343087
            ],
            [
              -99.679885,
              19.342196
            ],
            [
              -99.679514,
              19.341349
            ],
            [
              -99.679007,
              19.340568
            ],
            [
              -99.678376,
              19.339871
            ],
            [
              -99.677637,
              19.339276
            ],
            [
              -99.676809,
              19.338797
            ],
            [
              -99.675912,
              19.338447
            ],
            [
              -99.674968,
              19.338233
            ],
            [
              -99.674,
              19.338161
            ],
            [
              -99.673032,
              19.338233
            ],
            [
              -99.672088,
              19.338447
            ],
            [
              -99.671191,
              19.338797
            ],
            [
              -99.670363,
              19.339276
            ],
            [
              -99.669624,
              19.339871
            ],
            [
              -99.668993,
              19.340568
            ],
            [
              -99.668486,
              19.341349
            ],
            [
              -99.668115,
              19.342196
            ],
            [
              -99.667888,
              19.343087
            ],
            [
              -99.667812,
              19.344
            ]
          ]
        ]
      }
    },
    {
      "type": "Feature",
      "id": 17,
      "properties": {
        "fid": 17,
        "Delegacion": 17,
        "NOMBRE_DEL": "Cacalomacán",
        "fuente": "Ubicación aproximada para prototipo; no representa límite oficial",
        "verificado": false,
        "precision": "APROXIMADA",
        "radio_km": 1.1
      },
      "geometry": {
        "type": "Polygon",
        "coordinates": [
          [
            [
              -99.698534,
              19.243
            ],
            [
              -99.698663,
              19.244546
            ],
            [
              -99.699046,
              19.246054
            ],
            [
              -99.699675,
              19.247486
            ],
            [
              -99.700533,
              19.248808
            ],
            [
              -99.701599,
              19.249987
            ],
            [
              -99.702848,
              19.250994
            ],
            [
              -99.704248,
              19.251804
            ],
            [
              -99.705766,
              19.252398
            ],
            [
              -99.707363,
              19.25276
            ],
            [
              -99.709,
              19.252881
            ],
            [
              -99.710637,
              19.25276
            ],
            [
              -99.712234,
              19.252398
            ],
            [
              -99.713752,
              19.251804
            ],
            [
              -99.715152,
              19.250994
            ],
            [
              -99.716401,
              19.249987
            ],
            [
              -99.717467,
              19.248808
            ],
            [
              -99.718325,
              19.247486
            ],
            [
              -99.718954,
              19.246054
            ],
            [
              -99.719337,
              19.244546
            ],
            [
              -99.719466,
              19.243
            ],
            [
              -99.719337,
              19.241454
            ],
            [
              -99.718954,
              19.239946
            ],
            [
              -99.718325,
              19.238514
            ],
            [
              -99.717467,
              19.237192
            ],
            [
              -99.716401,
              19.236013
            ],
            [
              -99.715152,
              19.235006
            ],
            [
              -99.713752,
              19.234196
            ],
            [
              -99.712234,
              19.233602
            ],
            [
              -99.710637,
              19.23324
            ],
            [
              -99.709,
              19.233119
            ],
            [
              -99.707363,
              19.23324
            ],
            [
              -99.705766,
              19.233602
            ],
            [
              -99.704248,
              19.234196
            ],
            [
              -99.702848,
              19.235006
            ],
            [
              -99.701599,
              19.236013
            ],
            [
              -99.700533,
              19.237192
            ],
            [
              -99.699675,
              19.238514
            ],
            [
              -99.699046,
              19.239946
            ],
            [
              -99.698663,
              19.241454
            ],
            [
              -99.698534,
              19.243
            ]
          ]
        ]
      }
    },
    {
      "type": "Feature",
      "id": 18,
      "properties": {
        "fid": 18,
        "Delegacion": 18,
        "NOMBRE_DEL": "Santiago Miltepec",
        "fuente": "Ubicación aproximada para prototipo; no representa límite oficial",
        "verificado": false,
        "precision": "APROXIMADA",
        "radio_km": 1.1
      },
      "geometry": {
        "type": "Polygon",
        "coordinates": [
          [
            [
              -99.65653,
              19.308
            ],
            [
              -99.656659,
              19.309546
            ],
            [
              -99.657042,
              19.311054
            ],
            [
              -99.657671,
              19.312486
            ],
            [
              -99.658529,
              19.313808
            ],
            [
              -99.659596,
              19.314987
            ],
            [
              -99.660846,
              19.315994
            ],
            [
              -99.662247,
              19.316804
            ],
            [
              -99.663764,
              19.317398
            ],
            [
              -99.665362,
              19.31776
            ],
            [
              -99.667,
              19.317881
            ],
            [
              -99.668638,
              19.31776
            ],
            [
              -99.670236,
              19.317398
            ],
            [
              -99.671753,
              19.316804
            ],
            [
              -99.673154,
              19.315994
            ],
            [
              -99.674404,
              19.314987
            ],
            [
              -99.675471,
              19.313808
            ],
            [
              -99.676329,
              19.312486
            ],
            [
              -99.676958,
              19.311054
            ],
            [
              -99.677341,
              19.309546
            ],
            [
              -99.67747,
              19.308
            ],
            [
              -99.677341,
              19.306454
            ],
            [
              -99.676958,
              19.304946
            ],
            [
              -99.676329,
              19.303514
            ],
            [
              -99.675471,
              19.302192
            ],
            [
              -99.674404,
              19.301013
            ],
            [
              -99.673154,
              19.300006
            ],
            [
              -99.671753,
              19.299196
            ],
            [
              -99.670236,
              19.298602
            ],
            [
              -99.668638,
              19.29824
            ],
            [
              -99.667,
              19.298119
            ],
            [
              -99.665362,
              19.29824
            ],
            [
              -99.663764,
              19.298602
            ],
            [
              -99.662247,
              19.299196
            ],
            [
              -99.660846,
              19.300006
            ],
            [
              -99.659596,
              19.301013
            ],
            [
              -99.658529,
              19.302192
            ],
            [
              -99.657671,
              19.303514
            ],
            [
              -99.657042,
              19.304946
            ],
            [
              -99.656659,
              19.306454
            ],
            [
              -99.65653,
              19.308
            ]
          ]
        ]
      }
    },
    {
      "type": "Feature",
      "id": 19,
      "properties": {
        "fid": 19,
        "Delegacion": 19,
        "NOMBRE_DEL": "San Diego de los Padres Cuexcontitlán",
        "fuente": "Ubicación aproximada para prototipo; no representa límite oficial",
        "verificado": false,
        "precision": "APROXIMADA",
        "radio_km": 0.65
      },
      "geometry": {
        "type": "Polygon",
        "coordinates": [
          [
            [
              -99.60381,
              19.387
            ],
            [
              -99.603886,
              19.387913
            ],
            [
              -99.604113,
              19.388804
            ],
            [
              -99.604485,
              19.389651
            ],
            [
              -99.604992,
              19.390432
            ],
            [
              -99.605623,
              19.391129
            ],
            [
              -99.606362,
              19.391724
            ],
            [
              -99.60719,
              19.392203
            ],
            [
              -99.608087,
              19.392553
            ],
            [
              -99.609032,
              19.392767
            ],
            [
              -99.61,
              19.392839
            ],
            [
              -99.610968,
              19.392767
            ],
            [
              -99.611913,
              19.392553
            ],
            [
              -99.61281,
              19.392203
            ],
            [
              -99.613638,
              19.391724
            ],
            [
              -99.614377,
              19.391129
            ],
            [
              -99.615008,
              19.390432
            ],
            [
              -99.615515,
              19.389651
            ],
            [
              -99.615887,
              19.388804
            ],
            [
              -99.616114,
              19.387913
            ],
            [
              -99.61619,
              19.387
            ],
            [
              -99.616114,
              19.386087
            ],
            [
              -99.615887,
              19.385196
            ],
            [
              -99.615515,
              19.384349
            ],
            [
              -99.615008,
              19.383568
            ],
            [
              -99.614377,
              19.382871
            ],
            [
              -99.613638,
              19.382276
            ],
            [
              -99.61281,
              19.381797
            ],
            [
              -99.611913,
              19.381447
            ],
            [
              -99.610968,
              19.381233
            ],
            [
              -99.61,
              19.381161
            ],
            [
              -99.609032,
              19.381233
            ],
            [
              -99.608087,
              19.381447
            ],
            [
              -99.60719,
              19.381797
            ],
            [
              -99.606362,
              19.382276
            ],
            [
              -99.605623,
              19.382871
            ],
            [
              -99.604992,
              19.383568
            ],
            [
              -99.604485,
              19.384349
            ],
            [
              -99.604113,
              19.385196
            ],
            [
              -99.603886,
              19.386087
            ],
            [
              -99.60381,
              19.387
            ]
          ]
        ]
      }
    },
    {
      "type": "Feature",
      "id": 20,
      "properties": {
        "fid": 20,
        "Delegacion": 20,
        "NOMBRE_DEL": "San Felipe Tlalmimilolpan",
        "fuente": "Ubicación aproximada para prototipo; no representa límite oficial",
        "verificado": false,
        "precision": "APROXIMADA",
        "radio_km": 1.1
      },
      "geometry": {
        "type": "Polygon",
        "coordinates": [
          [
            [
              -99.631535,
              19.223
            ],
            [
              -99.631664,
              19.224546
            ],
            [
              -99.632047,
              19.226054
            ],
            [
              -99.632676,
              19.227486
            ],
            [
              -99.633534,
              19.228808
            ],
            [
              -99.6346,
              19.229987
            ],
            [
              -99.635849,
              19.230994
            ],
            [
              -99.637249,
              19.231804
            ],
            [
              -99.638766,
              19.232398
            ],
            [
              -99.640363,
              19.23276
            ],
            [
              -99.642,
              19.232881
            ],
            [
              -99.643637,
              19.23276
            ],
            [
              -99.645234,
              19.232398
            ],
            [
              -99.646751,
              19.231804
            ],
            [
              -99.648151,
              19.230994
            ],
            [
              -99.6494,
              19.229987
            ],
            [
              -99.650466,
              19.228808
            ],
            [
              -99.651324,
              19.227486
            ],
            [
              -99.651953,
              19.226054
            ],
            [
              -99.652336,
              19.224546
            ],
            [
              -99.652465,
              19.223
            ],
            [
              -99.652336,
              19.221454
            ],
            [
              -99.651953,
              19.219946
            ],
            [
              -99.651324,
              19.218514
            ],
            [
              -99.650466,
              19.217192
            ],
            [
              -99.6494,
              19.216013
            ],
            [
              -99.648151,
              19.215006
            ],
            [
              -99.646751,
              19.214196
            ],
            [
              -99.645234,
              19.213602
            ],
            [
              -99.643637,
              19.21324
            ],
            [
              -99.642,
              19.213119
            ],
            [
              -99.640363,
              19.21324
            ],
            [
              -99.638766,
              19.213602
            ],
            [
              -99.637249,
              19.214196
            ],
            [
              -99.635849,
              19.215006
            ],
            [
              -99.6346,
              19.216013
            ],
            [
              -99.633534,
              19.217192
            ],
            [
              -99.632676,
              19.218514
            ],
            [
              -99.632047,
              19.219946
            ],
            [
              -99.631664,
              19.221454
            ],
            [
              -99.631535,
              19.223
            ]
          ]
        ]
      }
    },
    {
      "type": "Feature",
      "id": 21,
      "properties": {
        "fid": 21,
        "Delegacion": 21,
        "NOMBRE_DEL": "Calixtlahuaca",
        "fuente": "Ubicación aproximada para prototipo; no representa límite oficial",
        "verificado": false,
        "precision": "APROXIMADA",
        "radio_km": 1.1
      },
      "geometry": {
        "type": "Polygon",
        "coordinates": [
          [
            [
              -99.679528,
              19.336
            ],
            [
              -99.679657,
              19.337546
            ],
            [
              -99.68004,
              19.339054
            ],
            [
              -99.680669,
              19.340486
            ],
            [
              -99.681528,
              19.341808
            ],
            [
              -99.682595,
              19.342987
            ],
            [
              -99.683845,
              19.343994
            ],
            [
              -99.685246,
              19.344804
            ],
            [
              -99.686764,
              19.345398
            ],
            [
              -99.688362,
              19.34576
            ],
            [
              -99.69,
              19.345881
            ],
            [
              -99.691638,
              19.34576
            ],
            [
              -99.693236,
              19.345398
            ],
            [
              -99.694754,
              19.344804
            ],
            [
              -99.696155,
              19.343994
            ],
            [
              -99.697405,
              19.342987
            ],
            [
              -99.698472,
              19.341808
            ],
            [
              -99.699331,
              19.340486
            ],
            [
              -99.69996,
              19.339054
            ],
            [
              -99.700343,
              19.337546
            ],
            [
              -99.700472,
              19.336
            ],
            [
              -99.700343,
              19.334454
            ],
            [
              -99.69996,
              19.332946
            ],
            [
              -99.699331,
              19.331514
            ],
            [
              -99.698472,
              19.330192
            ],
            [
              -99.697405,
              19.329013
            ],
            [
              -99.696155,
              19.328006
            ],
            [
              -99.694754,
              19.327196
            ],
            [
              -99.693236,
              19.326602
            ],
            [
              -99.691638,
              19.32624
            ],
            [
              -99.69,
              19.326119
            ],
            [
              -99.688362,
              19.32624
            ],
            [
              -99.686764,
              19.326602
            ],
            [
              -99.685246,
              19.327196
            ],
            [
              -99.683845,
              19.328006
            ],
            [
              -99.682595,
              19.329013
            ],
            [
              -99.681528,
              19.330192
            ],
            [
              -99.680669,
              19.331514
            ],
            [
              -99.68004,
              19.332946
            ],
            [
              -99.679657,
              19.334454
            ],
            [
              -99.679528,
              19.336
            ]
          ]
        ]
      }
    },
    {
      "type": "Feature",
      "id": 22,
      "properties": {
        "fid": 22,
        "Delegacion": 22,
        "NOMBRE_DEL": "San Juan Tilapa",
        "fuente": "Ubicación aproximada para prototipo; no representa límite oficial",
        "verificado": false,
        "precision": "APROXIMADA",
        "radio_km": 0.65
      },
      "geometry": {
        "type": "Polygon",
        "coordinates": [
          [
            [
              -99.652817,
              19.208
            ],
            [
              -99.652893,
              19.208913
            ],
            [
              -99.653119,
              19.209804
            ],
            [
              -99.653491,
              19.210651
            ],
            [
              -99.653998,
              19.211432
            ],
            [
              -99.654628,
              19.212129
            ],
            [
              -99.655366,
              19.212724
            ],
            [
              -99.656193,
              19.213203
            ],
            [
              -99.657089,
              19.213553
            ],
            [
              -99.658033,
              19.213767
            ],
            [
              -99.659,
              19.213839
            ],
            [
              -99.659967,
              19.213767
            ],
            [
              -99.660911,
              19.213553
            ],
            [
              -99.661807,
              19.213203
            ],
            [
              -99.662634,
              19.212724
            ],
            [
              -99.663372,
              19.212129
            ],
            [
              -99.664002,
              19.211432
            ],
            [
              -99.664509,
              19.210651
            ],
            [
              -99.664881,
              19.209804
            ],
            [
              -99.665107,
              19.208913
            ],
            [
              -99.665183,
              19.208
            ],
            [
              -99.665107,
              19.207087
            ],
            [
              -99.664881,
              19.206196
            ],
            [
              -99.664509,
              19.205349
            ],
            [
              -99.664002,
              19.204568
            ],
            [
              -99.663372,
              19.203871
            ],
            [
              -99.662634,
              19.203276
            ],
            [
              -99.661807,
              19.202797
            ],
            [
              -99.660911,
              19.202447
            ],
            [
              -99.659967,
              19.202233
            ],
            [
              -99.659,
              19.202161
            ],
            [
              -99.658033,
              19.202233
            ],
            [
              -99.657089,
              19.202447
            ],
            [
              -99.656193,
              19.202797
            ],
            [
              -99.655366,
              19.203276
            ],
            [
              -99.654628,
              19.203871
            ],
            [
              -99.653998,
              19.204568
            ],
            [
              -99.653491,
              19.205349
            ],
            [
              -99.653119,
              19.206196
            ],
            [
              -99.652893,
              19.207087
            ],
            [
              -99.652817,
              19.208
            ]
          ]
        ]
      }
    },
    {
      "type": "Feature",
      "id": 23,
      "properties": {
        "fid": 23,
        "Delegacion": 23,
        "NOMBRE_DEL": "La Constitución Toltepec",
        "fuente": "Ubicación aproximada para prototipo; no representa límite oficial",
        "verificado": false,
        "precision": "APROXIMADA",
        "radio_km": 0.65
      },
      "geometry": {
        "type": "Polygon",
        "coordinates": [
          [
            [
              -99.599811,
              19.35
            ],
            [
              -99.599888,
              19.350913
            ],
            [
              -99.600114,
              19.351804
            ],
            [
              -99.600486,
              19.352651
            ],
            [
              -99.600993,
              19.353432
            ],
            [
              -99.601624,
              19.354129
            ],
            [
              -99.602362,
              19.354724
            ],
            [
              -99.60319,
              19.355203
            ],
            [
              -99.604088,
              19.355553
            ],
            [
              -99.605032,
              19.355767
            ],
            [
              -99.606,
              19.355839
            ],
            [
              -99.606968,
              19.355767
            ],
            [
              -99.607912,
              19.355553
            ],
            [
              -99.60881,
              19.355203
            ],
            [
              -99.609638,
              19.354724
            ],
            [
              -99.610376,
              19.354129
            ],
            [
              -99.611007,
              19.353432
            ],
            [
              -99.611514,
              19.352651
            ],
            [
              -99.611886,
              19.351804
            ],
            [
              -99.612112,
              19.350913
            ],
            [
              -99.612189,
              19.35
            ],
            [
              -99.612112,
              19.349087
            ],
            [
              -99.611886,
              19.348196
            ],
            [
              -99.611514,
              19.347349
            ],
            [
              -99.611007,
              19.346568
            ],
            [
              -99.610376,
              19.345871
            ],
            [
              -99.609638,
              19.345276
            ],
            [
              -99.60881,
              19.344797
            ],
            [
              -99.607912,
              19.344447
            ],
            [
              -99.606968,
              19.344233
            ],
            [
              -99.606,
              19.344161
            ],
            [
              -99.605032,
              19.344233
            ],
            [
              -99.604088,
              19.344447
            ],
            [
              -99.60319,
              19.344797
            ],
            [
              -99.602362,
              19.345276
            ],
            [
              -99.601624,
              19.345871
            ],
            [
              -99.600993,
              19.346568
            ],
            [
              -99.600486,
              19.347349
            ],
            [
              -99.600114,
              19.348196
            ],
            [
              -99.599888,
              19.349087
            ],
            [
              -99.599811,
              19.35
            ]
          ]
        ]
      }
    },
    {
      "type": "Feature",
      "id": 24,
      "properties": {
        "fid": 24,
        "Delegacion": 24,
        "NOMBRE_DEL": "El Cerrillo Vista Hermosa",
        "fuente": "Ubicación aproximada para prototipo; no representa límite oficial",
        "verificado": false,
        "precision": "APROXIMADA",
        "radio_km": 0.65
      },
      "geometry": {
        "type": "Polygon",
        "coordinates": [
          [
            [
              -99.545812,
              19.333
            ],
            [
              -99.545888,
              19.333913
            ],
            [
              -99.546115,
              19.334804
            ],
            [
              -99.546486,
              19.335651
            ],
            [
              -99.546994,
              19.336432
            ],
            [
              -99.547624,
              19.337129
            ],
            [
              -99.548363,
              19.337724
            ],
            [
              -99.549191,
              19.338203
            ],
            [
              -99.550088,
              19.338553
            ],
            [
              -99.551032,
              19.338767
            ],
            [
              -99.552,
              19.338839
            ],
            [
              -99.552968,
              19.338767
            ],
            [
              -99.553912,
              19.338553
            ],
            [
              -99.554809,
              19.338203
            ],
            [
              -99.555637,
              19.337724
            ],
            [
              -99.556376,
              19.337129
            ],
            [
              -99.557006,
              19.336432
            ],
            [
              -99.557514,
              19.335651
            ],
            [
              -99.557885,
              19.334804
            ],
            [
              -99.558112,
              19.333913
            ],
            [
              -99.558188,
              19.333
            ],
            [
              -99.558112,
              19.332087
            ],
            [
              -99.557885,
              19.331196
            ],
            [
              -99.557514,
              19.330349
            ],
            [
              -99.557006,
              19.329568
            ],
            [
              -99.556376,
              19.328871
            ],
            [
              -99.555637,
              19.328276
            ],
            [
              -99.554809,
              19.327797
            ],
            [
              -99.553912,
              19.327447
            ],
            [
              -99.552968,
              19.327233
            ],
            [
              -99.552,
              19.327161
            ],
            [
              -99.551032,
              19.327233
            ],
            [
              -99.550088,
              19.327447
            ],
            [
              -99.549191,
              19.327797
            ],
            [
              -99.548363,
              19.328276
            ],
            [
              -99.547624,
              19.328871
            ],
            [
              -99.546994,
              19.329568
            ],
            [
              -99.546486,
              19.330349
            ],
            [
              -99.546115,
              19.331196
            ],
            [
              -99.545888,
              19.332087
            ],
            [
              -99.545812,
              19.333
            ]
          ]
        ]
      }
    },
    {
      "type": "Feature",
      "id": 25,
      "properties": {
        "fid": 25,
        "Delegacion": 25,
        "NOMBRE_DEL": "San Nicolás Tolentino",
        "fuente": "Ubicación aproximada para prototipo; no representa límite oficial",
        "verificado": false,
        "precision": "APROXIMADA",
        "radio_km": 0.65
      },
      "geometry": {
        "type": "Polygon",
        "coordinates": [
          [
            [
              -99.562812,
              19.347
            ],
            [
              -99.562888,
              19.347913
            ],
            [
              -99.563114,
              19.348804
            ],
            [
              -99.563486,
              19.349651
            ],
            [
              -99.563993,
              19.350432
            ],
            [
              -99.564624,
              19.351129
            ],
            [
              -99.565362,
              19.351724
            ],
            [
              -99.56619,
              19.352203
            ],
            [
              -99.567088,
              19.352553
            ],
            [
              -99.568032,
              19.352767
            ],
            [
              -99.569,
              19.352839
            ],
            [
              -99.569968,
              19.352767
            ],
            [
              -99.570912,
              19.352553
            ],
            [
              -99.57181,
              19.352203
            ],
            [
              -99.572638,
              19.351724
            ],
            [
              -99.573376,
              19.351129
            ],
            [
              -99.574007,
              19.350432
            ],
            [
              -99.574514,
              19.349651
            ],
            [
              -99.574886,
              19.348804
            ],
            [
              -99.575112,
              19.347913
            ],
            [
              -99.575188,
              19.347
            ],
            [
              -99.575112,
              19.346087
            ],
            [
              -99.574886,
              19.345196
            ],
            [
              -99.574514,
              19.344349
            ],
            [
              -99.574007,
              19.343568
            ],
            [
              -99.573376,
              19.342871
            ],
            [
              -99.572638,
              19.342276
            ],
            [
              -99.57181,
              19.341797
            ],
            [
              -99.570912,
              19.341447
            ],
            [
              -99.569968,
              19.341233
            ],
            [
              -99.569,
              19.341161
            ],
            [
              -99.568032,
              19.341233
            ],
            [
              -99.567088,
              19.341447
            ],
            [
              -99.56619,
              19.341797
            ],
            [
              -99.565362,
              19.342276
            ],
            [
              -99.564624,
              19.342871
            ],
            [
              -99.563993,
              19.343568
            ],
            [
              -99.563486,
              19.344349
            ],
            [
              -99.563114,
              19.345196
            ],
            [
              -99.562888,
              19.346087
            ],
            [
              -99.562812,
              19.347
            ]
          ]
        ]
      }
    },
    {
      "type": "Feature",
      "id": 26,
      "properties": {
        "fid": 26,
        "Delegacion": 26,
        "NOMBRE_DEL": "San José Guadalupe Otzacatipan",
        "fuente": "Ubicación aproximada para prototipo; no representa límite oficial",
        "verificado": false,
        "precision": "APROXIMADA",
        "radio_km": 0.65
      },
      "geometry": {
        "type": "Polygon",
        "coordinates": [
          [
            [
              -99.575811,
              19.357
            ],
            [
              -99.575887,
              19.357913
            ],
            [
              -99.576114,
              19.358804
            ],
            [
              -99.576486,
              19.359651
            ],
            [
              -99.576993,
              19.360432
            ],
            [
              -99.577624,
              19.361129
            ],
            [
              -99.578362,
              19.361724
            ],
            [
              -99.57919,
              19.362203
            ],
            [
              -99.580088,
              19.362553
            ],
            [
              -99.581032,
              19.362767
            ],
            [
              -99.582,
              19.362839
            ],
            [
              -99.582968,
              19.362767
            ],
            [
              -99.583912,
              19.362553
            ],
            [
              -99.58481,
              19.362203
            ],
            [
              -99.585638,
              19.361724
            ],
            [
              -99.586376,
              19.361129
            ],
            [
              -99.587007,
              19.360432
            ],
            [
              -99.587514,
              19.359651
            ],
            [
              -99.587886,
              19.358804
            ],
            [
              -99.588113,
              19.357913
            ],
            [
              -99.588189,
              19.357
            ],
            [
              -99.588113,
              19.356087
            ],
            [
              -99.587886,
              19.355196
            ],
            [
              -99.587514,
              19.354349
            ],
            [
              -99.587007,
              19.353568
            ],
            [
              -99.586376,
              19.352871
            ],
            [
              -99.585638,
              19.352276
            ],
            [
              -99.58481,
              19.351797
            ],
            [
              -99.583912,
              19.351447
            ],
            [
              -99.582968,
              19.351233
            ],
            [
              -99.582,
              19.351161
            ],
            [
              -99.581032,
              19.351233
            ],
            [
              -99.580088,
              19.351447
            ],
            [
              -99.57919,
              19.351797
            ],
            [
              -99.578362,
              19.352276
            ],
            [
              -99.577624,
              19.352871
            ],
            [
              -99.576993,
              19.353568
            ],
            [
              -99.576486,
              19.354349
            ],
            [
              -99.576114,
              19.355196
            ],
            [
              -99.575887,
              19.356087
            ],
            [
              -99.575811,
              19.357
            ]
          ]
        ]
      }
    },
    {
      "type": "Feature",
      "id": 27,
      "properties": {
        "fid": 27,
        "Delegacion": 27,
        "NOMBRE_DEL": "San Miguel Totoltepec",
        "fuente": "Ubicación aproximada para prototipo; no representa límite oficial",
        "verificado": false,
        "precision": "APROXIMADA",
        "radio_km": 0.65
      },
      "geometry": {
        "type": "Polygon",
        "coordinates": [
          [
            [
              -99.544813,
              19.32
            ],
            [
              -99.544889,
              19.320913
            ],
            [
              -99.545115,
              19.321804
            ],
            [
              -99.545487,
              19.322651
            ],
            [
              -99.545994,
              19.323432
            ],
            [
              -99.546625,
              19.324129
            ],
            [
              -99.547363,
              19.324724
            ],
            [
              -99.548191,
              19.325203
            ],
            [
              -99.549088,
              19.325553
            ],
            [
              -99.550032,
              19.325767
            ],
            [
              -99.551,
              19.325839
            ],
            [
              -99.551968,
              19.325767
            ],
            [
              -99.552912,
              19.325553
            ],
            [
              -99.553809,
              19.325203
            ],
            [
              -99.554637,
              19.324724
            ],
            [
              -99.555375,
              19.324129
            ],
            [
              -99.556006,
              19.323432
            ],
            [
              -99.556513,
              19.322651
            ],
            [
              -99.556885,
              19.321804
            ],
            [
              -99.557111,
              19.320913
            ],
            [
              -99.557187,
              19.32
            ],
            [
              -99.557111,
              19.319087
            ],
            [
              -99.556885,
              19.318196
            ],
            [
              -99.556513,
              19.317349
            ],
            [
              -99.556006,
              19.316568
            ],
            [
              -99.555375,
              19.315871
            ],
            [
              -99.554637,
              19.315276
            ],
            [
              -99.553809,
              19.314797
            ],
            [
              -99.552912,
              19.314447
            ],
            [
              -99.551968,
              19.314233
            ],
            [
              -99.551,
              19.314161
            ],
            [
              -99.550032,
              19.314233
            ],
            [
              -99.549088,
              19.314447
            ],
            [
              -99.548191,
              19.314797
            ],
            [
              -99.547363,
              19.315276
            ],
            [
              -99.546625,
              19.315871
            ],
            [
              -99.545994,
              19.316568
            ],
            [
              -99.545487,
              19.317349
            ],
            [
              -99.545115,
              19.318196
            ],
            [
              -99.544889,
              19.319087
            ],
            [
              -99.544813,
              19.32
            ]
          ]
        ]
      }
    },
    {
      "type": "Feature",
      "id": 28,
      "properties": {
        "fid": 28,
        "Delegacion": 28,
        "NOMBRE_DEL": "Ejido de la Y Sección Siete A Revolución",
        "fuente": "Ubicación aproximada para prototipo; no representa límite oficial",
        "verificado": false,
        "precision": "APROXIMADA",
        "radio_km": 1.1
      },
      "geometry": {
        "type": "Polygon",
        "coordinates": [
          [
            [
              -99.639524,
              19.394
            ],
            [
              -99.639653,
              19.395546
            ],
            [
              -99.640037,
              19.397054
            ],
            [
              -99.640666,
              19.398486
            ],
            [
              -99.641525,
              19.399808
            ],
            [
              -99.642592,
              19.400987
            ],
            [
              -99.643842,
              19.401994
            ],
            [
              -99.645244,
              19.402804
            ],
            [
              -99.646763,
              19.403398
            ],
            [
              -99.648361,
              19.40376
            ],
            [
              -99.65,
              19.403881
            ],
            [
              -99.651639,
              19.40376
            ],
            [
              -99.653237,
              19.403398
            ],
            [
              -99.654756,
              19.402804
            ],
            [
              -99.656158,
              19.401994
            ],
            [
              -99.657408,
              19.400987
            ],
            [
              -99.658475,
              19.399808
            ],
            [
              -99.659334,
              19.398486
            ],
            [
              -99.659963,
              19.397054
            ],
            [
              -99.660347,
              19.395546
            ],
            [
              -99.660476,
              19.394
            ],
            [
              -99.660347,
              19.392454
            ],
            [
              -99.659963,
              19.390946
            ],
            [
              -99.659334,
              19.389514
            ],
            [
              -99.658475,
              19.388192
            ],
            [
              -99.657408,
              19.387013
            ],
            [
              -99.656158,
              19.386006
            ],
            [
              -99.654756,
              19.385196
            ],
            [
              -99.653237,
              19.384602
            ],
            [
              -99.651639,
              19.38424
            ],
            [
              -99.65,
              19.384119
            ],
            [
              -99.648361,
              19.38424
            ],
            [
              -99.646763,
              19.384602
            ],
            [
              -99.645244,
              19.385196
            ],
            [
              -99.643842,
              19.386006
            ],
            [
              -99.642592,
              19.387013
            ],
            [
              -99.641525,
              19.388192
            ],
            [
              -99.640666,
              19.389514
            ],
            [
              -99.640037,
              19.390946
            ],
            [
              -99.639653,
              19.392454
            ],
            [
              -99.639524,
              19.394
            ]
          ]
        ]
      }
    },
    {
      "type": "Feature",
      "id": 29,
      "properties": {
        "fid": 29,
        "Delegacion": 29,
        "NOMBRE_DEL": "Tlachaloya Segunda Sección",
        "fuente": "Ubicación aproximada para prototipo; no representa límite oficial",
        "verificado": false,
        "precision": "APROXIMADA",
        "radio_km": 1.1
      },
      "geometry": {
        "type": "Polygon",
        "coordinates": [
          [
            [
              -99.655522,
              19.425
            ],
            [
              -99.655651,
              19.426546
            ],
            [
              -99.656035,
              19.428054
            ],
            [
              -99.656664,
              19.429486
            ],
            [
              -99.657523,
              19.430808
            ],
            [
              -99.658591,
              19.431987
            ],
            [
              -99.659841,
              19.432994
            ],
            [
              -99.661243,
              19.433804
            ],
            [
              -99.662762,
              19.434398
            ],
            [
              -99.664361,
              19.43476
            ],
            [
              -99.666,
              19.434881
            ],
            [
              -99.667639,
              19.43476
            ],
            [
              -99.669238,
              19.434398
            ],
            [
              -99.670757,
              19.433804
            ],
            [
              -99.672159,
              19.432994
            ],
            [
              -99.673409,
              19.431987
            ],
            [
              -99.674477,
              19.430808
            ],
            [
              -99.675336,
              19.429486
            ],
            [
              -99.675965,
              19.428054
            ],
            [
              -99.676349,
              19.426546
            ],
            [
              -99.676478,
              19.425
            ],
            [
              -99.676349,
              19.423454
            ],
            [
              -99.675965,
              19.421946
            ],
            [
              -99.675336,
              19.420514
            ],
            [
              -99.674477,
              19.419192
            ],
            [
              -99.673409,
              19.418013
            ],
            [
              -99.672159,
              19.417006
            ],
            [
              -99.670757,
              19.416196
            ],
            [
              -99.669238,
              19.415602
            ],
            [
              -99.667639,
              19.41524
            ],
            [
              -99.666,
              19.415119
            ],
            [
              -99.664361,
              19.41524
            ],
            [
              -99.662762,
              19.415602
            ],
            [
              -99.661243,
              19.416196
            ],
            [
              -99.659841,
              19.417006
            ],
            [
              -99.658591,
              19.418013
            ],
            [
              -99.657523,
              19.419192
            ],
            [
              -99.656664,
              19.420514
            ],
            [
              -99.656035,
              19.421946
            ],
            [
              -99.655651,
              19.423454
            ],
            [
              -99.655522,
              19.425
            ]
          ]
        ]
      }
    },
    {
      "type": "Feature",
      "id": 30,
      "properties": {
        "fid": 30,
        "Delegacion": 30,
        "NOMBRE_DEL": "Jicaltepec Autopan",
        "fuente": "Ubicación aproximada para prototipo; no representa límite oficial",
        "verificado": false,
        "precision": "APROXIMADA",
        "radio_km": 0.65
      },
      "geometry": {
        "type": "Polygon",
        "coordinates": [
          [
            [
              -99.67381,
              19.378
            ],
            [
              -99.673887,
              19.378913
            ],
            [
              -99.674113,
              19.379804
            ],
            [
              -99.674485,
              19.380651
            ],
            [
              -99.674992,
              19.381432
            ],
            [
              -99.675623,
              19.382129
            ],
            [
              -99.676362,
              19.382724
            ],
            [
              -99.67719,
              19.383203
            ],
            [
              -99.678087,
              19.383553
            ],
            [
              -99.679032,
              19.383767
            ],
            [
              -99.68,
              19.383839
            ],
            [
              -99.680968,
              19.383767
            ],
            [
              -99.681913,
              19.383553
            ],
            [
              -99.68281,
              19.383203
            ],
            [
              -99.683638,
              19.382724
            ],
            [
              -99.684377,
              19.382129
            ],
            [
              -99.685008,
              19.381432
            ],
            [
              -99.685515,
              19.380651
            ],
            [
              -99.685887,
              19.379804
            ],
            [
              -99.686113,
              19.378913
            ],
            [
              -99.68619,
              19.378
            ],
            [
              -99.686113,
              19.377087
            ],
            [
              -99.685887,
              19.376196
            ],
            [
              -99.685515,
              19.375349
            ],
            [
              -99.685008,
              19.374568
            ],
            [
              -99.684377,
              19.373871
            ],
            [
              -99.683638,
              19.373276
            ],
            [
              -99.68281,
              19.372797
            ],
            [
              -99.681913,
              19.372447
            ],
            [
              -99.680968,
              19.372233
            ],
            [
              -99.68,
              19.372161
            ],
            [
              -99.679032,
              19.372233
            ],
            [
              -99.678087,
              19.372447
            ],
            [
              -99.67719,
              19.372797
            ],
            [
              -99.676362,
              19.373276
            ],
            [
              -99.675623,
              19.373871
            ],
            [
              -99.674992,
              19.374568
            ],
            [
              -99.674485,
              19.375349
            ],
            [
              -99.674113,
              19.376196
            ],
            [
              -99.673887,
              19.377087
            ],
            [
              -99.67381,
              19.378
            ]
          ]
        ]
      }
    },
    {
      "type": "Feature",
      "id": 31,
      "properties": {
        "fid": 31,
        "Delegacion": 31,
        "NOMBRE_DEL": "San Marcos Yachihuacaltepec",
        "fuente": "Ubicación aproximada para prototipo; no representa límite oficial",
        "verificado": false,
        "precision": "APROXIMADA",
        "radio_km": 0.65
      },
      "geometry": {
        "type": "Polygon",
        "coordinates": [
          [
            [
              -99.689812,
              19.327
            ],
            [
              -99.689888,
              19.327913
            ],
            [
              -99.690115,
              19.328804
            ],
            [
              -99.690487,
              19.329651
            ],
            [
              -99.690994,
              19.330432
            ],
            [
              -99.691625,
              19.331129
            ],
            [
              -99.692363,
              19.331724
            ],
            [
              -99.693191,
              19.332203
            ],
            [
              -99.694088,
              19.332553
            ],
            [
              -99.695032,
              19.332767
            ],
            [
              -99.696,
              19.332839
            ],
            [
              -99.696968,
              19.332767
            ],
            [
              -99.697912,
              19.332553
            ],
            [
              -99.698809,
              19.332203
            ],
            [
              -99.699637,
              19.331724
            ],
            [
              -99.700375,
              19.331129
            ],
            [
              -99.701006,
              19.330432
            ],
            [
              -99.701513,
              19.329651
            ],
            [
              -99.701885,
              19.328804
            ],
            [
              -99.702112,
              19.327913
            ],
            [
              -99.702188,
              19.327
            ],
            [
              -99.702112,
              19.326087
            ],
            [
              -99.701885,
              19.325196
            ],
            [
              -99.701513,
              19.324349
            ],
            [
              -99.701006,
              19.323568
            ],
            [
              -99.700375,
              19.322871
            ],
            [
              -99.699637,
              19.322276
            ],
            [
              -99.698809,
              19.321797
            ],
            [
              -99.697912,
              19.321447
            ],
            [
              -99.696968,
              19.321233
            ],
            [
              -99.696,
              19.321161
            ],
            [
              -99.695032,
              19.321233
            ],
            [
              -99.694088,
              19.321447
            ],
            [
              -99.693191,
              19.321797
            ],
            [
              -99.692363,
              19.322276
            ],
            [
              -99.691625,
              19.322871
            ],
            [
              -99.690994,
              19.323568
            ],
            [
              -99.690487,
              19.324349
            ],
            [
              -99.690115,
              19.325196
            ],
            [
              -99.689888,
              19.326087
            ],
            [
              -99.689812,
              19.327
            ]
          ]
        ]
      }
    },
    {
      "type": "Feature",
      "id": 32,
      "properties": {
        "fid": 32,
        "Delegacion": 32,
        "NOMBRE_DEL": "Santiago Tlaxomulco",
        "fuente": "Ubicación aproximada para prototipo; no representa límite oficial",
        "verificado": false,
        "precision": "APROXIMADA",
        "radio_km": 0.65
      },
      "geometry": {
        "type": "Polygon",
        "coordinates": [
          [
            [
              -99.684811,
              19.361
            ],
            [
              -99.684887,
              19.361913
            ],
            [
              -99.685114,
              19.362804
            ],
            [
              -99.685486,
              19.363651
            ],
            [
              -99.685993,
              19.364432
            ],
            [
              -99.686624,
              19.365129
            ],
            [
              -99.687362,
              19.365724
            ],
            [
              -99.68819,
              19.366203
            ],
            [
              -99.689087,
              19.366553
            ],
            [
              -99.690032,
              19.366767
            ],
            [
              -99.691,
              19.366839
            ],
            [
              -99.691968,
              19.366767
            ],
            [
              -99.692913,
              19.366553
            ],
            [
              -99.69381,
              19.366203
            ],
            [
              -99.694638,
              19.365724
            ],
            [
              -99.695376,
              19.365129
            ],
            [
              -99.696007,
              19.364432
            ],
            [
              -99.696514,
              19.363651
            ],
            [
              -99.696886,
              19.362804
            ],
            [
              -99.697113,
              19.361913
            ],
            [
              -99.697189,
              19.361
            ],
            [
              -99.697113,
              19.360087
            ],
            [
              -99.696886,
              19.359196
            ],
            [
              -99.696514,
              19.358349
            ],
            [
              -99.696007,
              19.357568
            ],
            [
              -99.695376,
              19.356871
            ],
            [
              -99.694638,
              19.356276
            ],
            [
              -99.69381,
              19.355797
            ],
            [
              -99.692913,
              19.355447
            ],
            [
              -99.691968,
              19.355233
            ],
            [
              -99.691,
              19.355161
            ],
            [
              -99.690032,
              19.355233
            ],
            [
              -99.689087,
              19.355447
            ],
            [
              -99.68819,
              19.355797
            ],
            [
              -99.687362,
              19.356276
            ],
            [
              -99.686624,
              19.356871
            ],
            [
              -99.685993,
              19.357568
            ],
            [
              -99.685486,
              19.358349
            ],
            [
              -99.685114,
              19.359196
            ],
            [
              -99.684887,
              19.360087
            ],
            [
              -99.684811,
              19.361
            ]
          ]
        ]
      }
    },
    {
      "type": "Feature",
      "id": 33,
      "properties": {
        "fid": 33,
        "Delegacion": 33,
        "NOMBRE_DEL": "San Antonio Buenavista",
        "fuente": "Ubicación aproximada para prototipo; no representa límite oficial",
        "verificado": false,
        "precision": "APROXIMADA",
        "radio_km": 0.65
      },
      "geometry": {
        "type": "Polygon",
        "coordinates": [
          [
            [
              -99.690815,
              19.255
            ],
            [
              -99.690891,
              19.255913
            ],
            [
              -99.691118,
              19.256804
            ],
            [
              -99.691489,
              19.257651
            ],
            [
              -99.691996,
              19.258432
            ],
            [
              -99.692627,
              19.259129
            ],
            [
              -99.693365,
              19.259724
            ],
            [
              -99.694192,
              19.260203
            ],
            [
              -99.695089,
              19.260553
            ],
            [
              -99.696032,
              19.260767
            ],
            [
              -99.697,
              19.260839
            ],
            [
              -99.697968,
              19.260767
            ],
            [
              -99.698911,
              19.260553
            ],
            [
              -99.699808,
              19.260203
            ],
            [
              -99.700635,
              19.259724
            ],
            [
              -99.701373,
              19.259129
            ],
            [
              -99.702004,
              19.258432
            ],
            [
              -99.702511,
              19.257651
            ],
            [
              -99.702882,
              19.256804
            ],
            [
              -99.703109,
              19.255913
            ],
            [
              -99.703185,
              19.255
            ],
            [
              -99.703109,
              19.254087
            ],
            [
              -99.702882,
              19.253196
            ],
            [
              -99.702511,
              19.252349
            ],
            [
              -99.702004,
              19.251568
            ],
            [
              -99.701373,
              19.250871
            ],
            [
              -99.700635,
              19.250276
            ],
            [
              -99.699808,
              19.249797
            ],
            [
              -99.698911,
              19.249447
            ],
            [
              -99.697968,
              19.249233
            ],
            [
              -99.697,
              19.249161
            ],
            [
              -99.696032,
              19.249233
            ],
            [
              -99.695089,
              19.249447
            ],
            [
              -99.694192,
              19.249797
            ],
            [
              -99.693365,
              19.250276
            ],
            [
              -99.692627,
              19.250871
            ],
            [
              -99.691996,
              19.251568
            ],
            [
              -99.691489,
              19.252349
            ],
            [
              -99.691118,
              19.253196
            ],
            [
              -99.690891,
              19.254087
            ],
            [
              -99.690815,
              19.255
            ]
          ]
        ]
      }
    },
    {
      "type": "Feature",
      "id": 34,
      "properties": {
        "fid": 34,
        "Delegacion": 34,
        "NOMBRE_DEL": "Jicaltepec Cuexcontitlán",
        "fuente": "Ubicación aproximada para prototipo; no representa límite oficial",
        "verificado": false,
        "precision": "APROXIMADA",
        "radio_km": 0.65
      },
      "geometry": {
        "type": "Polygon",
        "coordinates": [
          [
            [
              -99.62481,
              19.39
            ],
            [
              -99.624886,
              19.390913
            ],
            [
              -99.625113,
              19.391804
            ],
            [
              -99.625485,
              19.392651
            ],
            [
              -99.625992,
              19.393432
            ],
            [
              -99.626623,
              19.394129
            ],
            [
              -99.627362,
              19.394724
            ],
            [
              -99.62819,
              19.395203
            ],
            [
              -99.629087,
              19.395553
            ],
            [
              -99.630032,
              19.395767
            ],
            [
              -99.631,
              19.395839
            ],
            [
              -99.631968,
              19.395767
            ],
            [
              -99.632913,
              19.395553
            ],
            [
              -99.63381,
              19.395203
            ],
            [
              -99.634638,
              19.394724
            ],
            [
              -99.635377,
              19.394129
            ],
            [
              -99.636008,
              19.393432
            ],
            [
              -99.636515,
              19.392651
            ],
            [
              -99.636887,
              19.391804
            ],
            [
              -99.637114,
              19.390913
            ],
            [
              -99.63719,
              19.39
            ],
            [
              -99.637114,
              19.389087
            ],
            [
              -99.636887,
              19.388196
            ],
            [
              -99.636515,
              19.387349
            ],
            [
              -99.636008,
              19.386568
            ],
            [
              -99.635377,
              19.385871
            ],
            [
              -99.634638,
              19.385276
            ],
            [
              -99.63381,
              19.384797
            ],
            [
              -99.632913,
              19.384447
            ],
            [
              -99.631968,
              19.384233
            ],
            [
              -99.631,
              19.384161
            ],
            [
              -99.630032,
              19.384233
            ],
            [
              -99.629087,
              19.384447
            ],
            [
              -99.62819,
              19.384797
            ],
            [
              -99.627362,
              19.385276
            ],
            [
              -99.626623,
              19.385871
            ],
            [
              -99.625992,
              19.386568
            ],
            [
              -99.625485,
              19.387349
            ],
            [
              -99.625113,
              19.388196
            ],
            [
              -99.624886,
              19.389087
            ],
            [
              -99.62481,
              19.39
            ]
          ]
        ]
      }
    },
    {
      "type": "Feature",
      "id": 35,
      "properties": {
        "fid": 35,
        "Delegacion": 35,
        "NOMBRE_DEL": "Las Misiones [Conjunto Urbano]",
        "fuente": "Ubicación aproximada para prototipo; no representa límite oficial",
        "verificado": false,
        "precision": "APROXIMADA",
        "radio_km": 0.65
      },
      "geometry": {
        "type": "Polygon",
        "coordinates": [
          [
            [
              -99.57281,
              19.375
            ],
            [
              -99.572887,
              19.375913
            ],
            [
              -99.573113,
              19.376804
            ],
            [
              -99.573485,
              19.377651
            ],
            [
              -99.573993,
              19.378432
            ],
            [
              -99.574623,
              19.379129
            ],
            [
              -99.575362,
              19.379724
            ],
            [
              -99.57619,
              19.380203
            ],
            [
              -99.577087,
              19.380553
            ],
            [
              -99.578032,
              19.380767
            ],
            [
              -99.579,
              19.380839
            ],
            [
              -99.579968,
              19.380767
            ],
            [
              -99.580913,
              19.380553
            ],
            [
              -99.58181,
              19.380203
            ],
            [
              -99.582638,
              19.379724
            ],
            [
              -99.583377,
              19.379129
            ],
            [
              -99.584007,
              19.378432
            ],
            [
              -99.584515,
              19.377651
            ],
            [
              -99.584887,
              19.376804
            ],
            [
              -99.585113,
              19.375913
            ],
            [
              -99.58519,
              19.375
            ],
            [
              -99.585113,
              19.374087
            ],
            [
              -99.584887,
              19.373196
            ],
            [
              -99.584515,
              19.372349
            ],
            [
              -99.584007,
              19.371568
            ],
            [
              -99.583377,
              19.370871
            ],
            [
              -99.582638,
              19.370276
            ],
            [
              -99.58181,
              19.369797
            ],
            [
              -99.580913,
              19.369447
            ],
            [
              -99.579968,
              19.369233
            ],
            [
              -99.579,
              19.369161
            ],
            [
              -99.578032,
              19.369233
            ],
            [
              -99.577087,
              19.369447
            ],
            [
              -99.57619,
              19.369797
            ],
            [
              -99.575362,
              19.370276
            ],
            [
              -99.574623,
              19.370871
            ],
            [
              -99.573993,
              19.371568
            ],
            [
              -99.573485,
              19.372349
            ],
            [
              -99.573113,
              19.373196
            ],
            [
              -99.572887,
              19.374087
            ],
            [
              -99.57281,
              19.375
            ]
          ]
        ]
      }
    },
    {
      "type": "Feature",
      "id": 36,
      "properties": {
        "fid": 36,
        "Delegacion": 36,
        "NOMBRE_DEL": "Arroyo Vista Hermosa",
        "fuente": "Ubicación aproximada para prototipo; no representa límite oficial",
        "verificado": false,
        "precision": "APROXIMADA",
        "radio_km": 0.65
      },
      "geometry": {
        "type": "Polygon",
        "coordinates": [
          [
            [
              -99.543811,
              19.366
            ],
            [
              -99.543887,
              19.366913
            ],
            [
              -99.544114,
              19.367804
            ],
            [
              -99.544485,
              19.368651
            ],
            [
              -99.544993,
              19.369432
            ],
            [
              -99.545624,
              19.370129
            ],
            [
              -99.546362,
              19.370724
            ],
            [
              -99.54719,
              19.371203
            ],
            [
              -99.548087,
              19.371553
            ],
            [
              -99.549032,
              19.371767
            ],
            [
              -99.55,
              19.371839
            ],
            [
              -99.550968,
              19.371767
            ],
            [
              -99.551913,
              19.371553
            ],
            [
              -99.55281,
              19.371203
            ],
            [
              -99.553638,
              19.370724
            ],
            [
              -99.554376,
              19.370129
            ],
            [
              -99.555007,
              19.369432
            ],
            [
              -99.555515,
              19.368651
            ],
            [
              -99.555886,
              19.367804
            ],
            [
              -99.556113,
              19.366913
            ],
            [
              -99.556189,
              19.366
            ],
            [
              -99.556113,
              19.365087
            ],
            [
              -99.555886,
              19.364196
            ],
            [
              -99.555515,
              19.363349
            ],
            [
              -99.555007,
              19.362568
            ],
            [
              -99.554376,
              19.361871
            ],
            [
              -99.553638,
              19.361276
            ],
            [
              -99.55281,
              19.360797
            ],
            [
              -99.551913,
              19.360447
            ],
            [
              -99.550968,
              19.360233
            ],
            [
              -99.55,
              19.360161
            ],
            [
              -99.549032,
              19.360233
            ],
            [
              -99.548087,
              19.360447
            ],
            [
              -99.54719,
              19.360797
            ],
            [
              -99.546362,
              19.361276
            ],
            [
              -99.545624,
              19.361871
            ],
            [
              -99.544993,
              19.362568
            ],
            [
              -99.544485,
              19.363349
            ],
            [
              -99.544114,
              19.364196
            ],
            [
              -99.543887,
              19.365087
            ],
            [
              -99.543811,
              19.366
            ]
          ]
        ]
      }
    },
    {
      "type": "Feature",
      "id": 37,
      "properties": {
        "fid": 37,
        "Delegacion": 37,
        "NOMBRE_DEL": "Paseos San Martín [Conjunto Urbano]",
        "fuente": "Ubicación aproximada para prototipo; no representa límite oficial",
        "verificado": false,
        "precision": "APROXIMADA",
        "radio_km": 0.65
      },
      "geometry": {
        "type": "Polygon",
        "coordinates": [
          [
            [
              -99.583809,
              19.402
            ],
            [
              -99.583886,
              19.402913
            ],
            [
              -99.584112,
              19.403804
            ],
            [
              -99.584484,
              19.404651
            ],
            [
              -99.584992,
              19.405432
            ],
            [
              -99.585623,
              19.406129
            ],
            [
              -99.586361,
              19.406724
            ],
            [
              -99.58719,
              19.407203
            ],
            [
              -99.588087,
              19.407553
            ],
            [
              -99.589032,
              19.407767
            ],
            [
              -99.59,
              19.407839
            ],
            [
              -99.590968,
              19.407767
            ],
            [
              -99.591913,
              19.407553
            ],
            [
              -99.59281,
              19.407203
            ],
            [
              -99.593639,
              19.406724
            ],
            [
              -99.594377,
              19.406129
            ],
            [
              -99.595008,
              19.405432
            ],
            [
              -99.595516,
              19.404651
            ],
            [
              -99.595888,
              19.403804
            ],
            [
              -99.596114,
              19.402913
            ],
            [
              -99.596191,
              19.402
            ],
            [
              -99.596114,
              19.401087
            ],
            [
              -99.595888,
              19.400196
            ],
            [
              -99.595516,
              19.399349
            ],
            [
              -99.595008,
              19.398568
            ],
            [
              -99.594377,
              19.397871
            ],
            [
              -99.593639,
              19.397276
            ],
            [
              -99.59281,
              19.396797
            ],
            [
              -99.591913,
              19.396447
            ],
            [
              -99.590968,
              19.396233
            ],
            [
              -99.59,
              19.396161
            ],
            [
              -99.589032,
              19.396233
            ],
            [
              -99.588087,
              19.396447
            ],
            [
              -99.58719,
              19.396797
            ],
            [
              -99.586361,
              19.397276
            ],
            [
              -99.585623,
              19.397871
            ],
            [
              -99.584992,
              19.398568
            ],
            [
              -99.584484,
              19.399349
            ],
            [
              -99.584112,
              19.400196
            ],
            [
              -99.583886,
              19.401087
            ],
            [
              -99.583809,
              19.402
            ]
          ]
        ]
      }
    },
    {
      "type": "Feature",
      "id": 38,
      "properties": {
        "fid": 38,
        "Delegacion": 38,
        "NOMBRE_DEL": "Tlachaloya",
        "fuente": "Ubicación aproximada para prototipo; no representa límite oficial",
        "verificado": false,
        "precision": "APROXIMADA",
        "radio_km": 1.1
      },
      "geometry": {
        "type": "Polygon",
        "coordinates": [
          [
            [
              -99.649521,
              19.44
            ],
            [
              -99.64965,
              19.441546
            ],
            [
              -99.650034,
              19.443054
            ],
            [
              -99.650663,
              19.444486
            ],
            [
              -99.651522,
              19.445808
            ],
            [
              -99.65259,
              19.446987
            ],
            [
              -99.653841,
              19.447994
            ],
            [
              -99.655243,
              19.448804
            ],
            [
              -99.656762,
              19.449398
            ],
            [
              -99.658361,
              19.44976
            ],
            [
              -99.66,
              19.449881
            ],
            [
              -99.661639,
              19.44976
            ],
            [
              -99.663238,
              19.449398
            ],
            [
              -99.664757,
              19.448804
            ],
            [
              -99.666159,
              19.447994
            ],
            [
              -99.66741,
              19.446987
            ],
            [
              -99.668478,
              19.445808
            ],
            [
              -99.669337,
              19.444486
            ],
            [
              -99.669966,
              19.443054
            ],
            [
              -99.67035,
              19.441546
            ],
            [
              -99.670479,
              19.44
            ],
            [
              -99.67035,
              19.438454
            ],
            [
              -99.669966,
              19.436946
            ],
            [
              -99.669337,
              19.435514
            ],
            [
              -99.668478,
              19.434192
            ],
            [
              -99.66741,
              19.433013
            ],
            [
              -99.666159,
              19.432006
            ],
            [
              -99.664757,
              19.431196
            ],
            [
              -99.663238,
              19.430602
            ],
            [
              -99.661639,
              19.43024
            ],
            [
              -99.66,
              19.430119
            ],
            [
              -99.658361,
              19.43024
            ],
            [
              -99.656762,
              19.430602
            ],
            [
              -99.655243,
              19.431196
            ],
            [
              -99.653841,
              19.432006
            ],
            [
              -99.65259,
              19.433013
            ],
            [
              -99.651522,
              19.434192
            ],
            [
              -99.650663,
              19.435514
            ],
            [
              -99.650034,
              19.436946
            ],
            [
              -99.64965,
              19.438454
            ],
            [
              -99.649521,
              19.44
            ]
          ]
        ]
      }
    },
    {
      "type": "Feature",
      "id": 39,
      "properties": {
        "fid": 39,
        "Delegacion": 39,
        "NOMBRE_DEL": "Hacienda Santín (Rancho Santín)",
        "fuente": "Ubicación aproximada para prototipo; no representa límite oficial",
        "verificado": false,
        "precision": "APROXIMADA",
        "radio_km": 0.65
      },
      "geometry": {
        "type": "Polygon",
        "coordinates": [
          [
            [
              -99.590811,
              19.369
            ],
            [
              -99.590887,
              19.369913
            ],
            [
              -99.591114,
              19.370804
            ],
            [
              -99.591485,
              19.371651
            ],
            [
              -99.591993,
              19.372432
            ],
            [
              -99.592623,
              19.373129
            ],
            [
              -99.593362,
              19.373724
            ],
            [
              -99.59419,
              19.374203
            ],
            [
              -99.595087,
              19.374553
            ],
            [
              -99.596032,
              19.374767
            ],
            [
              -99.597,
              19.374839
            ],
            [
              -99.597968,
              19.374767
            ],
            [
              -99.598913,
              19.374553
            ],
            [
              -99.59981,
              19.374203
            ],
            [
              -99.600638,
              19.373724
            ],
            [
              -99.601377,
              19.373129
            ],
            [
              -99.602007,
              19.372432
            ],
            [
              -99.602515,
              19.371651
            ],
            [
              -99.602886,
              19.370804
            ],
            [
              -99.603113,
              19.369913
            ],
            [
              -99.603189,
              19.369
            ],
            [
              -99.603113,
              19.368087
            ],
            [
              -99.602886,
              19.367196
            ],
            [
              -99.602515,
              19.366349
            ],
            [
              -99.602007,
              19.365568
            ],
            [
              -99.601377,
              19.364871
            ],
            [
              -99.600638,
              19.364276
            ],
            [
              -99.59981,
              19.363797
            ],
            [
              -99.598913,
              19.363447
            ],
            [
              -99.597968,
              19.363233
            ],
            [
              -99.597,
              19.363161
            ],
            [
              -99.596032,
              19.363233
            ],
            [
              -99.595087,
              19.363447
            ],
            [
              -99.59419,
              19.363797
            ],
            [
              -99.593362,
              19.364276
            ],
            [
              -99.592623,
              19.364871
            ],
            [
              -99.591993,
              19.365568
            ],
            [
              -99.591485,
              19.366349
            ],
            [
              -99.591114,
              19.367196
            ],
            [
              -99.590887,
              19.368087
            ],
            [
              -99.590811,
              19.369
            ]
          ]
        ]
      }
    },
    {
      "type": "Feature",
      "id": 40,
      "properties": {
        "fid": 40,
        "Delegacion": 40,
        "NOMBRE_DEL": "Fraccionamiento Real de San Pablo",
        "fuente": "Ubicación aproximada para prototipo; no representa límite oficial",
        "verificado": false,
        "precision": "APROXIMADA",
        "radio_km": 0.65
      },
      "geometry": {
        "type": "Polygon",
        "coordinates": [
          [
            [
              -99.658811,
              19.369
            ],
            [
              -99.658887,
              19.369913
            ],
            [
              -99.659114,
              19.370804
            ],
            [
              -99.659485,
              19.371651
            ],
            [
              -99.659993,
              19.372432
            ],
            [
              -99.660623,
              19.373129
            ],
            [
              -99.661362,
              19.373724
            ],
            [
              -99.66219,
              19.374203
            ],
            [
              -99.663087,
              19.374553
            ],
            [
              -99.664032,
              19.374767
            ],
            [
              -99.665,
              19.374839
            ],
            [
              -99.665968,
              19.374767
            ],
            [
              -99.666913,
              19.374553
            ],
            [
              -99.66781,
              19.374203
            ],
            [
              -99.668638,
              19.373724
            ],
            [
              -99.669377,
              19.373129
            ],
            [
              -99.670007,
              19.372432
            ],
            [
              -99.670515,
              19.371651
            ],
            [
              -99.670886,
              19.370804
            ],
            [
              -99.671113,
              19.369913
            ],
            [
              -99.671189,
              19.369
            ],
            [
              -99.671113,
              19.368087
            ],
            [
              -99.670886,
              19.367196
            ],
            [
              -99.670515,
              19.366349
            ],
            [
              -99.670007,
              19.365568
            ],
            [
              -99.669377,
              19.364871
            ],
            [
              -99.668638,
              19.364276
            ],
            [
              -99.66781,
              19.363797
            ],
            [
              -99.666913,
              19.363447
            ],
            [
              -99.665968,
              19.363233
            ],
            [
              -99.665,
              19.363161
            ],
            [
              -99.664032,
              19.363233
            ],
            [
              -99.663087,
              19.363447
            ],
            [
              -99.66219,
              19.363797
            ],
            [
              -99.661362,
              19.364276
            ],
            [
              -99.660623,
              19.364871
            ],
            [
              -99.659993,
              19.365568
            ],
            [
              -99.659485,
              19.366349
            ],
            [
              -99.659114,
              19.367196
            ],
            [
              -99.658887,
              19.368087
            ],
            [
              -99.658811,
              19.369
            ]
          ]
        ]
      }
    },
    {
      "type": "Feature",
      "id": 41,
      "properties": {
        "fid": 41,
        "Delegacion": 41,
        "NOMBRE_DEL": "San Cayetano Morelos",
        "fuente": "Ubicación aproximada para prototipo; no representa límite oficial",
        "verificado": false,
        "precision": "APROXIMADA",
        "radio_km": 0.65
      },
      "geometry": {
        "type": "Polygon",
        "coordinates": [
          [
            [
              -99.687809,
              19.411
            ],
            [
              -99.687885,
              19.411913
            ],
            [
              -99.688112,
              19.412804
            ],
            [
              -99.688484,
              19.413651
            ],
            [
              -99.688991,
              19.414432
            ],
            [
              -99.689622,
              19.415129
            ],
            [
              -99.690361,
              19.415724
            ],
            [
              -99.691189,
              19.416203
            ],
            [
              -99.692087,
              19.416553
            ],
            [
              -99.693032,
              19.416767
            ],
            [
              -99.694,
              19.416839
            ],
            [
              -99.694968,
              19.416767
            ],
            [
              -99.695913,
              19.416553
            ],
            [
              -99.696811,
              19.416203
            ],
            [
              -99.697639,
              19.415724
            ],
            [
              -99.698378,
              19.415129
            ],
            [
              -99.699009,
              19.414432
            ],
            [
              -99.699516,
              19.413651
            ],
            [
              -99.699888,
              19.412804
            ],
            [
              -99.700115,
              19.411913
            ],
            [
              -99.700191,
              19.411
            ],
            [
              -99.700115,
              19.410087
            ],
            [
              -99.699888,
              19.409196
            ],
            [
              -99.699516,
              19.408349
            ],
            [
              -99.699009,
              19.407568
            ],
            [
              -99.698378,
              19.406871
            ],
            [
              -99.697639,
              19.406276
            ],
            [
              -99.696811,
              19.405797
            ],
            [
              -99.695913,
              19.405447
            ],
            [
              -99.694968,
              19.405233
            ],
            [
              -99.694,
              19.405161
            ],
            [
              -99.693032,
              19.405233
            ],
            [
              -99.692087,
              19.405447
            ],
            [
              -99.691189,
              19.405797
            ],
            [
              -99.690361,
              19.406276
            ],
            [
              -99.689622,
              19.406871
            ],
            [
              -99.688991,
              19.407568
            ],
            [
              -99.688484,
              19.408349
            ],
            [
              -99.688112,
              19.409196
            ],
            [
              -99.687885,
              19.410087
            ],
            [
              -99.687809,
              19.411
            ]
          ]
        ]
      }
    },
    {
      "type": "Feature",
      "id": 42,
      "properties": {
        "fid": 42,
        "Delegacion": 42,
        "NOMBRE_DEL": "Santa Cruz Otzacatipan",
        "fuente": "Ubicación aproximada para prototipo; no representa límite oficial",
        "verificado": false,
        "precision": "APROXIMADA",
        "radio_km": 0.65
      },
      "geometry": {
        "type": "Polygon",
        "coordinates": [
          [
            [
              -99.603812,
              19.347
            ],
            [
              -99.603888,
              19.347913
            ],
            [
              -99.604114,
              19.348804
            ],
            [
              -99.604486,
              19.349651
            ],
            [
              -99.604993,
              19.350432
            ],
            [
              -99.605624,
              19.351129
            ],
            [
              -99.606362,
              19.351724
            ],
            [
              -99.60719,
              19.352203
            ],
            [
              -99.608088,
              19.352553
            ],
            [
              -99.609032,
              19.352767
            ],
            [
              -99.61,
              19.352839
            ],
            [
              -99.610968,
              19.352767
            ],
            [
              -99.611912,
              19.352553
            ],
            [
              -99.61281,
              19.352203
            ],
            [
              -99.613638,
              19.351724
            ],
            [
              -99.614376,
              19.351129
            ],
            [
              -99.615007,
              19.350432
            ],
            [
              -99.615514,
              19.349651
            ],
            [
              -99.615886,
              19.348804
            ],
            [
              -99.616112,
              19.347913
            ],
            [
              -99.616188,
              19.347
            ],
            [
              -99.616112,
              19.346087
            ],
            [
              -99.615886,
              19.345196
            ],
            [
              -99.615514,
              19.344349
            ],
            [
              -99.615007,
              19.343568
            ],
            [
              -99.614376,
              19.342871
            ],
            [
              -99.613638,
              19.342276
            ],
            [
              -99.61281,
              19.341797
            ],
            [
              -99.611912,
              19.341447
            ],
            [
              -99.610968,
              19.341233
            ],
            [
              -99.61,
              19.341161
            ],
            [
              -99.609032,
              19.341233
            ],
            [
              -99.608088,
              19.341447
            ],
            [
              -99.60719,
              19.341797
            ],
            [
              -99.606362,
              19.342276
            ],
            [
              -99.605624,
              19.342871
            ],
            [
              -99.604993,
              19.343568
            ],
            [
              -99.604486,
              19.344349
            ],
            [
              -99.604114,
              19.345196
            ],
            [
              -99.603888,
              19.346087
            ],
            [
              -99.603812,
              19.347
            ]
          ]
        ]
      }
    },
    {
      "type": "Feature",
      "id": 43,
      "properties": {
        "fid": 43,
        "Delegacion": 43,
        "NOMBRE_DEL": "Fraccionamiento San Diego",
        "fuente": "Ubicación aproximada para prototipo; no representa límite oficial",
        "verificado": false,
        "precision": "APROXIMADA",
        "radio_km": 0.65
      },
      "geometry": {
        "type": "Polygon",
        "coordinates": [
          [
            [
              -99.59181,
              19.385
            ],
            [
              -99.591886,
              19.385913
            ],
            [
              -99.592113,
              19.386804
            ],
            [
              -99.592485,
              19.387651
            ],
            [
              -99.592992,
              19.388432
            ],
            [
              -99.593623,
              19.389129
            ],
            [
              -99.594362,
              19.389724
            ],
            [
              -99.59519,
              19.390203
            ],
            [
              -99.596087,
              19.390553
            ],
            [
              -99.597032,
              19.390767
            ],
            [
              -99.598,
              19.390839
            ],
            [
              -99.598968,
              19.390767
            ],
            [
              -99.599913,
              19.390553
            ],
            [
              -99.60081,
              19.390203
            ],
            [
              -99.601638,
              19.389724
            ],
            [
              -99.602377,
              19.389129
            ],
            [
              -99.603008,
              19.388432
            ],
            [
              -99.603515,
              19.387651
            ],
            [
              -99.603887,
              19.386804
            ],
            [
              -99.604114,
              19.385913
            ],
            [
              -99.60419,
              19.385
            ],
            [
              -99.604114,
              19.384087
            ],
            [
              -99.603887,
              19.383196
            ],
            [
              -99.603515,
              19.382349
            ],
            [
              -99.603008,
              19.381568
            ],
            [
              -99.602377,
              19.380871
            ],
            [
              -99.601638,
              19.380276
            ],
            [
              -99.60081,
              19.379797
            ],
            [
              -99.599913,
              19.379447
            ],
            [
              -99.598968,
              19.379233
            ],
            [
              -99.598,
              19.379161
            ],
            [
              -99.597032,
              19.379233
            ],
            [
              -99.596087,
              19.379447
            ],
            [
              -99.59519,
              19.379797
            ],
            [
              -99.594362,
              19.380276
            ],
            [
              -99.593623,
              19.380871
            ],
            [
              -99.592992,
              19.381568
            ],
            [
              -99.592485,
              19.382349
            ],
            [
              -99.592113,
              19.383196
            ],
            [
              -99.591886,
              19.384087
            ],
            [
              -99.59181,
              19.385
            ]
          ]
        ]
      }
    },
    {
      "type": "Feature",
      "id": 44,
      "properties": {
        "fid": 44,
        "Delegacion": 44,
        "NOMBRE_DEL": "San Francisco Totoltepec",
        "fuente": "Ubicación aproximada para prototipo; no representa límite oficial",
        "verificado": false,
        "precision": "APROXIMADA",
        "radio_km": 0.65
      },
      "geometry": {
        "type": "Polygon",
        "coordinates": [
          [
            [
              -99.552813,
              19.304
            ],
            [
              -99.552889,
              19.304913
            ],
            [
              -99.553116,
              19.305804
            ],
            [
              -99.553487,
              19.306651
            ],
            [
              -99.553995,
              19.307432
            ],
            [
              -99.554625,
              19.308129
            ],
            [
              -99.555363,
              19.308724
            ],
            [
              -99.556191,
              19.309203
            ],
            [
              -99.557088,
              19.309553
            ],
            [
              -99.558032,
              19.309767
            ],
            [
              -99.559,
              19.309839
            ],
            [
              -99.559968,
              19.309767
            ],
            [
              -99.560912,
              19.309553
            ],
            [
              -99.561809,
              19.309203
            ],
            [
              -99.562637,
              19.308724
            ],
            [
              -99.563375,
              19.308129
            ],
            [
              -99.564005,
              19.307432
            ],
            [
              -99.564513,
              19.306651
            ],
            [
              -99.564884,
              19.305804
            ],
            [
              -99.565111,
              19.304913
            ],
            [
              -99.565187,
              19.304
            ],
            [
              -99.565111,
              19.303087
            ],
            [
              -99.564884,
              19.302196
            ],
            [
              -99.564513,
              19.301349
            ],
            [
              -99.564005,
              19.300568
            ],
            [
              -99.563375,
              19.299871
            ],
            [
              -99.562637,
              19.299276
            ],
            [
              -99.561809,
              19.298797
            ],
            [
              -99.560912,
              19.298447
            ],
            [
              -99.559968,
              19.298233
            ],
            [
              -99.559,
              19.298161
            ],
            [
              -99.558032,
              19.298233
            ],
            [
              -99.557088,
              19.298447
            ],
            [
              -99.556191,
              19.298797
            ],
            [
              -99.555363,
              19.299276
            ],
            [
              -99.554625,
              19.299871
            ],
            [
              -99.553995,
              19.300568
            ],
            [
              -99.553487,
              19.301349
            ],
            [
              -99.553116,
              19.302196
            ],
            [
              -99.552889,
              19.303087
            ],
            [
              -99.552813,
              19.304
            ]
          ]
        ]
      }
    },
    {
      "type": "Feature",
      "id": 45,
      "properties": {
        "fid": 45,
        "Delegacion": 45,
        "NOMBRE_DEL": "Galaxias Toluca",
        "fuente": "Ubicación aproximada para prototipo; no representa límite oficial",
        "verificado": false,
        "precision": "APROXIMADA",
        "radio_km": 0.65
      },
      "geometry": {
        "type": "Polygon",
        "coordinates": [
          [
            [
              -99.569811,
              19.351
            ],
            [
              -99.569888,
              19.351913
            ],
            [
              -99.570114,
              19.352804
            ],
            [
              -99.570486,
              19.353651
            ],
            [
              -99.570993,
              19.354432
            ],
            [
              -99.571624,
              19.355129
            ],
            [
              -99.572362,
              19.355724
            ],
            [
              -99.57319,
              19.356203
            ],
            [
              -99.574088,
              19.356553
            ],
            [
              -99.575032,
              19.356767
            ],
            [
              -99.576,
              19.356839
            ],
            [
              -99.576968,
              19.356767
            ],
            [
              -99.577912,
              19.356553
            ],
            [
              -99.57881,
              19.356203
            ],
            [
              -99.579638,
              19.355724
            ],
            [
              -99.580376,
              19.355129
            ],
            [
              -99.581007,
              19.354432
            ],
            [
              -99.581514,
              19.353651
            ],
            [
              -99.581886,
              19.352804
            ],
            [
              -99.582112,
              19.351913
            ],
            [
              -99.582189,
              19.351
            ],
            [
              -99.582112,
              19.350087
            ],
            [
              -99.581886,
              19.349196
            ],
            [
              -99.581514,
              19.348349
            ],
            [
              -99.581007,
              19.347568
            ],
            [
              -99.580376,
              19.346871
            ],
            [
              -99.579638,
              19.346276
            ],
            [
              -99.57881,
              19.345797
            ],
            [
              -99.577912,
              19.345447
            ],
            [
              -99.576968,
              19.345233
            ],
            [
              -99.576,
              19.345161
            ],
            [
              -99.575032,
              19.345233
            ],
            [
              -99.574088,
              19.345447
            ],
            [
              -99.57319,
              19.345797
            ],
            [
              -99.572362,
              19.346276
            ],
            [
              -99.571624,
              19.346871
            ],
            [
              -99.570993,
              19.347568
            ],
            [
              -99.570486,
              19.348349
            ],
            [
              -99.570114,
              19.349196
            ],
            [
              -99.569888,
              19.350087
            ],
            [
              -99.569811,
              19.351
            ]
          ]
        ]
      }
    },
    {
      "type": "Feature",
      "id": 46,
      "properties": {
        "fid": 46,
        "Delegacion": 46,
        "NOMBRE_DEL": "La Magdalena Otzacatipan",
        "fuente": "Ubicación aproximada para prototipo; no representa límite oficial",
        "verificado": false,
        "precision": "APROXIMADA",
        "radio_km": 0.65
      },
      "geometry": {
        "type": "Polygon",
        "coordinates": [
          [
            [
              -99.598811,
              19.361
            ],
            [
              -99.598887,
              19.361913
            ],
            [
              -99.599114,
              19.362804
            ],
            [
              -99.599486,
              19.363651
            ],
            [
              -99.599993,
              19.364432
            ],
            [
              -99.600624,
              19.365129
            ],
            [
              -99.601362,
              19.365724
            ],
            [
              -99.60219,
              19.366203
            ],
            [
              -99.603087,
              19.366553
            ],
            [
              -99.604032,
              19.366767
            ],
            [
              -99.605,
              19.366839
            ],
            [
              -99.605968,
              19.366767
            ],
            [
              -99.606913,
              19.366553
            ],
            [
              -99.60781,
              19.366203
            ],
            [
              -99.608638,
              19.365724
            ],
            [
              -99.609376,
              19.365129
            ],
            [
              -99.610007,
              19.364432
            ],
            [
              -99.610514,
              19.363651
            ],
            [
              -99.610886,
              19.362804
            ],
            [
              -99.611113,
              19.361913
            ],
            [
              -99.611189,
              19.361
            ],
            [
              -99.611113,
              19.360087
            ],
            [
              -99.610886,
              19.359196
            ],
            [
              -99.610514,
              19.358349
            ],
            [
              -99.610007,
              19.357568
            ],
            [
              -99.609376,
              19.356871
            ],
            [
              -99.608638,
              19.356276
            ],
            [
              -99.60781,
              19.355797
            ],
            [
              -99.606913,
              19.355447
            ],
            [
              -99.605968,
              19.355233
            ],
            [
              -99.605,
              19.355161
            ],
            [
              -99.604032,
              19.355233
            ],
            [
              -99.603087,
              19.355447
            ],
            [
              -99.60219,
              19.355797
            ],
            [
              -99.601362,
              19.356276
            ],
            [
              -99.600624,
              19.356871
            ],
            [
              -99.599993,
              19.357568
            ],
            [
              -99.599486,
              19.358349
            ],
            [
              -99.599114,
              19.359196
            ],
            [
              -99.598887,
              19.360087
            ],
            [
              -99.598811,
              19.361
            ]
          ]
        ]
      }
    }
  ]
}